p_c_cgs,rho0_gcm3,r_c_km,n,M_Msun,R_km,C,y_R,k2,Lambda,cs2_max,success,at_boundary
1e+33,0.0,2.0,2,0.39626759260311983,43.60835253052796,0.01341844645761786,1.8538864614425121,0.016575846789929724,25402313.8131473,1.0,True,False
1.2742749857031426e+33,0.0,2.0,2,0.3955196515174372,41.177044645404685,0.014183919381137207,1.8578213194914668,0.016269631359188373,18893185.250613693,1.0,True,False
1.6237767391887176e+33,0.0,2.0,2,0.3945789205405733,38.83130337222238,0.015004974906398813,1.8609096588178915,0.016055259381359786,14071801.4866137,1.0,True,False
2.0691380811147986e+33,0.0,2.0,2,0.3934364787901582,36.641617296767066,0.015855624463050312,1.8646862850012844,0.01577953145368602,10497504.96943618,1.0,True,False
2.636650898730345e+33,0.0,2.0,2,0.3920834362253658,34.57103691645874,0.01674747934316653,1.86856692302085,0.015501390302100312,7843901.62490398,1.0,True,False
3.359818286283788e+33,0.0,2.0,2,0.3905109963539158,32.63588237927345,0.017669378312789936,1.8730783319645683,0.015169408478098013,5871797.100804238,1.0,True,False
5.455594781168515e+33,0.0,2.0,2,0.39884783509116206,27.519582316040196,0.021401724148630504,1.8731085734036232,0.015573077282305338,2312274.3923098617,1.0,True,False
1.438449888287654e+34,0.0,2.0,2,0.5612807887412206,18.385615792809915,0.04508015060434547,1.7196007900526378,0.030811302920330918,110329.5922992449,1.0,True,False
1.128837891684693e+34,0.0,2.0,2,0.4995848434669943,19.99404951794619,0.036897067589296194,1.7863187900792519,0.024702674245801255,240820.49979565392,1.0,True,False
8.858667904100795e+33,0.0,2.0,2,0.45209256002453746,22.097228497735028,0.030211543542593075,1.8331113813618363,0.020076504281677603,531780.3242191111,1.0,True,False
6.951927961775648e+33,0.0,2.0,2,0.4187689415388168,24.6074735465472,0.02512990219604619,1.8585626808493065,0.017305409526232763,1151162.4912117126,1.0,True,False
4.281332398719361e+33,0.0,2.0,2,0.39068822310802764,30.312492573006946,0.019032333164877225,1.8754927762814722,0.01509016822717485,4028493.4770742757,1.0,True,False
6.15848211066028e+34,0.0,2.0,2,1.188711599929273,14.269385898363732,0.12301401079893066,1.1362555055876091,0.06417658485591676,1518.8414830384352,1.0,True,False
2.976351441631313e+34,0.0,2.0,2,0.8266963717210825,15.56457292312045,0.0784318003351353,1.4251294463623358,0.052992959308100336,11903.262023120373,1.0,True,False
2.3357214690901024e+34,0.0,2.0,2,0.7255924516087402,16.23369285072005,0.06600225784644861,1.527588554017918,0.046206452352446664,24593.333795745988,1.0,True,False
1.8329807108324376e+34,0.0,2.0,2,0.637287170109143,17.179270135088373,0.054778965647821004,1.6388099459152896,0.03762141011582748,50848.09336558606,1.0,True,False
1.06558035900799e+35,0.0,2.0,2,1.4920965110817046,13.66764928180871,0.16120794794929907,0.9722595826125924,0.06188953003845319,378.9602662811336,1.0,True,False
3.7926901907322693e+34,0.0,2.0,2,0.9387547199892518,15.033860259886877,0.09220723209869333,1.3205378356990296,0.05869301893289611,5870.4347083632365,1.0,True,False
4.832930238571732e+34,0.0,2.0,2,1.0601062441476319,14.629314745691913,0.1070061576513073,1.2279315719717119,0.062161565875261615,2953.8391199965486,1.0,True,False
1e+35,0.0,2.0,2,1.4569978468185214,13.704374459628292,0.15699399973607026,0.9965892291110712,0.061985482873245346,433.2947820661043,1.0,True,False
7.847599703514559e+34,0.0,2.0,2,1.322022857258869,14.021929224367014,0.1392241433350785,1.080749954533926,0.06282985911161564,800.7594181323526,1.0,True,False
1.3738237958832723e+35,0.0,2.0,2,1.6308657848802683,13.443647527142689,0.1791366569090645,0.9890862848839115,0.05507624395924321,199.04475162479753,1.0,True,False
1.5599240300749914e+35,0.0,2.0,2,1.697736224089792,13.28508958044389,0.18870746864765858,0.9310088358314423,0.0545659560288129,152.01451729387966,1.0,True,False
1.2099254744119544e+35,0.0,2.0,2,1.5621652192205198,13.511266225504873,0.17073174291059845,0.9710619149152815,0.05871187206198335,269.8132667056436,1.0,True,False
1.289272821396803e+35,0.0,2.0,2,1.5967385771740672,13.479245636396868,0.17492488266925602,0.9997224431362961,0.0559241323076582,227.64076638353822,1.0,True,False
1.135461501503597e+35,0.0,2.0,2,1.5273794624382024,13.635436930689346,0.16540980464022553,1.0303799172697508,0.05742894885599624,309.1956424196809,1.0,True,False
2.011167655419456e+35,0.0,2.0,2,1.824874411308941,13.062346584312053,0.2062980579889678,1.0104962937332802,0.045899801758425306,81.89244773583845,1.0,True,False
1.8873918221350917e+35,0.0,2.0,2,1.7941575480793253,13.096579045356714,0.20229542867737857,0.9961636821145851,0.04760804704612404,93.68256267311814,1.0,True,False
1.771233681420492e+35,0.0,2.0,2,1.7627176928777213,13.208642196643208,0.19706429716011428,1.0296695951564243,0.04785725356582553,107.35363863899713,1.0,True,False
1.4639196536310168e+35,0.0,2.0,2,1.6645517284409408,13.382388847976774,0.18367371584167316,0.9694660665648189,0.05451159258953208,173.84513860026547,1.0,True,False
1.6622244079925e+35,0.0,2.0,2,1.7306147254416182,13.254277643273824,0.19280917306064307,1.0285299110224635,0.04914848335939391,122.9646850520726,1.0,True,False
2.283603445798044e+35,0.0,2.0,2,1.8839638196820612,12.902416374663835,0.2156179269637445,1.0000616575087662,0.043583704792774416,62.34599408518818,1.0,True,False
2.7629899825260174e+35,0.0,2.0,2,1.9649028910143929,12.70595712465363,0.2283584397868832,1.0441946254397796,0.038730808335555936,41.57956738902193,1.0,True,False
3.1372687541983892e+35,0.0,2.0,2,2.012387375986398,12.623357662457227,0.23540737133474982,1.073356237943288,0.03612680337772117,33.31485959078997,1.0,True,False
2.433362979605363e+35,0.0,2.0,2,1.9122282168021703,12.867793993558967,0.2194416114762263,1.0282988457623496,0.04159558326251363,54.49554999901908,1.0,True,False
2.944187857515554e+35,0.0,2.0,2,1.9893277984169848,12.670384668014206,0.23184616271899186,1.0884404933944447,0.036596755719840446,36.42099167505459,1.0,True,False
3.3430119654032695e+35,0.0,2.0,2,2.034571601427425,12.502606177734547,0.24030111605176038,1.0079803700737788,0.03660406741450264,30.45503817839439,1.0,True,False
2.5929437974046777e+35,0.0,2.0,2,1.9394434035303094,12.827477153988085,0.22326426756313086,1.059916914469707,0.03959367771357407,47.581537996126364,1.0,True,False
2.1430607522871213e+35,0.0,2.0,2,1.854826101407779,13.020850317004387,0.21035227495931447,1.0267572152169877,0.04416518717186443,71.49122683475701,1.0,True,False
3.5622478902624224e+35,0.0,2.0,2,2.0555428522041694,12.466716579933115,0.24347692586162978,1.0695226327393061,0.03424769492366732,26.684006547293095,1.0,True,False
1.2742749857031426e+33,1000000000.0,2.0,2,0.3871352551048462,27.897809740830283,0.020491604998909535,1.4130940608333045,0.06334626208441682,11688259.781855717,0.01629598876351455,True,False
1e+33,1000000000.0,2.0,2,0.38628947670253905,28.987174652857302,0.01967842568456668,1.3835257319964631,0.06690446913228415,15115137.941539565,0.015331550649337415,True,False
3.359818286283788e+33,1000000000.0,2.0,2,0.38642416842282695,23.712291713428773,0.024064348747431904,1.526290768705888,0.05036732342428561,4160897.8034178438,0.020757990375311706,True,False
2.0691380811147986e+33,1000000000.0,2.0,2,0.3875562678042849,25.764463103550426,0.022212478945767847,1.4708201169565873,0.05659953767061573,6978088.5916990815,0.01839984527067143,True,False
1.6237767391887176e+33,1000000000.0,2.0,2,0.38754879129508657,26.82165456800219,0.02133654925915052,1.4421826085146707,0.059913251524169986,9032557.127614431,0.0173177321687859,True,False
2.636650898730345e+33,1000000000.0,2.0,2,0.3871763091669625,24.72783381192248,0.0231209706916336,1.4988986471618735,0.05341410448220317,5389325.029012739,0.019545507319101336,True,False
6.951927961775648e+33,1000000000.0,2.0,2,0.41716481730569144,19.609118885912885,0.03141470279541011,1.5810084483729634,0.0441597133388418,962210.7613274854,0.07459354832239394,True,False
5.455594781168515e+33,1000000000.0,2.0,2,0.3964952954555894,21.07671124688636,0.02777912448381204,1.5760991950917533,0.04487478135151264,1808499.1825809781,0.06380957910289867,True,False
2.976351441631313e+34,1000000000.0,2.0,2,0.8265195216588832,14.602646104228171,0.08358049068433814,1.1872754857412369,0.07178171860220908,11732.701202757284,0.18552814881824162,True,False
8.858667904100795e+33,1000000000.0,2.0,2,0.4510282309814075,18.2630496276151,0.036468154665888985,1.5633746884024646,0.04557750293761464,471075.2947567403,0.08711826571412126,True,False
1.438449888287654e+34,1000000000.0,2.0,2,0.5608023076569187,16.227328419542957,0.05103241574757665,1.4543080370614478,0.054546220686258313,105061.2999160742,0.11842202077477597,True,False
4.281332398719361e+33,1000000000.0,2.0,2,0.38744914674762676,22.512880556026253,0.02541364755146087,1.5547770882455532,0.04724199316047598,2970995.132073744,0.05454060919781991,True,False
3.7926901907322693e+34,1000000000.0,2.0,2,0.9386212426317448,14.285780824166007,0.09702189592673924,1.1017390856770597,0.07488084922234886,5806.717754701509,0.21327203043607296,True,False
1.8329807108324376e+34,1000000000.0,2.0,2,0.6369525945562013,15.534779248435433,0.060545990127344865,1.378395917632785,0.060102022971726864,49245.99338195124,0.13778071486989793,True,False
1.128837891684693e+34,1000000000.0,2.0,2,0.4988786138794663,17.13172175497853,0.04300086933214993,1.5208886018276946,0.04914993346228863,222866.86139975803,0.1016352853183529,True,False
7.847599703514559e+34,1000000000.0,2.0,2,1.3219615263651883,13.676366682418784,0.1427353158938943,0.9341217922389495,0.07083020220370256,797.0214689203171,0.3243257799519428,True,False
2.3357214690901024e+34,1000000000.0,2.0,2,0.7253526140116244,15.002130545995808,0.0713969403971578,1.2772899812168204,0.06702867031196594,24086.369210633387,0.16003562997018964,True,False
4.832930238571732e+34,1000000000.0,2.0,2,1.0600045516469148,14.050975361363944,0.11139985328552636,1.0331713561398355,0.07542189293835021,2930.779025055078,0.24597619686614444,True,False
1e+35,1000000000.0,2.0,2,1.4569499092417804,13.496876949838486,0.15940234028413536,0.897822202757612,0.06669324597479372,432.0332079141293,0.37050454041045466,True,False
1.06558035900799e+35,1000000000.0,2.0,2,1.4920519276660176,13.461476453321572,0.16367208059772503,0.8708832837949962,0.06657599590363358,377.8795562526699,0.38341408218657763,True,False
6.15848211066028e+34,1000000000.0,2.0,2,1.1886330591522731,13.85160703996772,0.12671586821269004,0.9764525905716531,0.07401819403014427,1510.4008023805166,0.28289604925907,True,False
1.289272821396803e+35,1000000000.0,2.0,2,1.5967012978896513,13.308694400868488,0.17716241287150897,0.9120408356034312,0.059423976098050175,226.99302662550826,0.42418422070428463,True,False
1.5599240300749914e+35,1000000000.0,2.0,2,1.6977056310949628,13.178525900786074,0.1902299596030838,0.8705533616248127,0.056713369408002104,151.7747801787435,0.9989187416364523,True,False
1.2099254744119544e+35,1000000000.0,2.0,2,1.562125745188418,13.375787846577275,0.17245666333538884,0.9016645724715748,0.06163307782450863,269.35354829106166,0.998651488148428,True,False
1.135461501503597e+35,1000000000.0,2.0,2,1.5273375979991237,13.432347302417345,0.1679061066664971,0.9315975126599565,0.06171874436356453,308.3140849318508,0.39666310130804955,True,False
1.4639196536310168e+35,1000000000.0,2.0,2,1.6645197338772517,13.246490160655835,0.18555449868857116,0.8951847458911749,0.057257998123968264,173.5351519698598,0.45307113862707854,True,False
1.3738237958832723e+35,1000000000.0,2.0,2,1.6308313974586206,13.282090563115025,0.1813117659730866,0.9038401151295752,0.058350973002257125,198.53034785472516,0.43845711006915544,True,False
2.283603445798044e+35,1000000000.0,2.0,2,1.8839437815867217,12.8724233707189,0.2161180223615242,0.9812922589642096,0.04406741081107174,62.31195128302663,0.9995871638287562,True,False
2.1430607522871213e+35,1000000000.0,2.0,2,1.8548042567480534,12.909401826505848,0.21216577387156874,0.9592673256518642,0.045992964226088555,71.32199993742967,0.5478060671227039,True,False
2.011167655419456e+35,1000000000.0,2.0,2,1.8248506516700376,12.975073746765295,0.20768295429962838,0.9584068258840286,0.047386245927778174,81.76299282583557,0.999141869049394,True,False
1.771233681420492e+35,1000000000.0,2.0,2,1.7626914804239264,13.088249140114563,0.19887404769879646,0.9617536528285315,0.04998779676922897,107.12286297388312,0.4989450797190943,True,False
2.433362979605363e+35,1000000000.0,2.0,2,1.912208916077425,12.81877035471754,0.22027861262498286,0.9971770198361051,0.04235612853785308,54.445668675099775,0.999443901997982,True,False
1.8873918221350917e+35,1000000000.0,2.0,2,1.7941328371388174,13.043122475967253,0.20312172849502094,0.9647856958648068,0.048549563244195015,93.60782412779979,0.9993566895077923,True,False
1.6622244079925e+35,1000000000.0,2.0,2,1.7305858709069362,13.112647733090116,0.19488845848044095,0.9503599854011435,0.05171367914342492,122.62628607375916,0.4833172856896562,True,False
2.7629899825260174e+35,1000000000.0,2.0,2,1.9648865837483296,12.688120254227123,0.2286775666058767,1.032521136736423,0.03898555633023467,41.56183043180031,0.9997238024162076,True,False
3.1372687541983892e+35,1000000000.0,2.0,2,2.012372047377737,12.542257768402742,0.23692774174454292,1.0176379155724722,0.03723120999503978,33.24576392541551,0.9994283761664235,True,False
2.5929437974046777e+35,1000000000.0,2.0,2,1.9394248158893188,12.72120296660045,0.225127281687197,0.9917397493859332,0.0411649105399949,47.456453500101624,0.5960158584859753,True,False
3.5622478902624224e+35,1000000000.0,2.0,2,2.0555298591552633,12.445535071780952,0.24388976645215918,1.0543238035329208,0.03452071835988971,26.66985634797307,0.9997168717621361,True,False
3.3430119654032695e+35,1000000000.0,2.0,2,2.0345582066789345,12.490437880754177,0.24053363598048058,0.999312504401914,0.03676858687626972,30.444342466253435,0.9997963114663397,True,False
2.944187857515554e+35,1000000000.0,2.0,2,1.9893120329071885,12.640483794300744,0.2323927495818338,1.0686552148085078,0.03700596805123103,36.397171797299464,0.9996205743127232,True,False
1e+33,3000000000.0,2.0,2,0.3748446844850977,25.986312306510158,0.021300513050690403,1.2670560942819693,0.08046532400914691,12233963.621598553,0.015323846201559212,True,False
1.2742749857031426e+33,3000000000.0,2.0,2,0.3773070720470851,25.123925562473563,0.022176387846678768,1.2975090465795849,0.07657034324036135,9517333.604439983,0.01628993933353294,True,False
2.0691380811147986e+33,3000000000.0,2.0,2,0.3803706925821757,23.399963501343173,0.024003536290185062,1.35944646578396,0.06890578435494715,5764853.564763793,0.018396127301064616,True,False
3.359818286283788e+33,3000000000.0,2.0,2,0.38123177934611835,21.703655207391506,0.02593818453342544,1.4215556854903633,0.06155211786494764,3495053.783565799,0.0207557136325917,True,False
6.951927961775648e+33,3000000000.0,2.0,2,0.4148859926070877,18.33832946152191,0.03340814504411057,1.4850391713526423,0.05375597749251869,861139.8594153849,0.07457580183086668,True,False
1.438449888287654e+34,3000000000.0,2.0,2,0.5600202254306493,15.594274086332502,0.05303003452940088,1.3572791708668397,0.06352539361312505,100982.6018231045,0.11839640374032323,True,False
1.6237767391887176e+33,3000000000.0,2.0,2,0.3791332864064214,24.260158506489933,0.023077121806458677,1.32836566291038,0.07270960858847464,7406147.136250386,0.017312992313521038,True,False
2.3357214690901024e+34,3000000000.0,2.0,2,0.7249348739423711,14.597973066839739,0.073331369459472,1.1832604116076022,0.07512078121035545,23616.735145102983,0.16000404646371535,True,False
5.455594781168515e+33,3000000000.0,2.0,2,0.3933111913914066,19.53123844701002,0.02973650222169367,1.4785763067369837,0.05486171633995648,1572999.9773630607,0.06379404477243546,True,False
2.636650898730345e+33,3000000000.0,2.0,2,0.38106037870169396,22.547936710639025,0.024955734039159832,1.3906204625270686,0.06517457433105615,4488851.118849636,0.019542595872304586,True,False
2.976351441631313e+34,3000000000.0,2.0,2,0.8262038699469717,14.270582632397947,0.08549267011673647,1.096355821314986,0.07919222753026225,11559.708797556556,0.18549355055153757,True,False
1.8329807108324376e+34,3000000000.0,2.0,2,0.6363873087714067,15.034301709696607,0.0625059858959049,1.2837323139286465,0.06855453794368162,47900.153031996386,0.13775213659143998,True,False
8.858667904100795e+33,3000000000.0,2.0,2,0.44943857702153156,17.24822707633866,0.03847771262121936,1.4676825797470885,0.05491328377905356,434050.16184002155,0.08709808479456208,True,False
4.281332398719361e+33,3000000000.0,2.0,2,0.38322887028721603,20.70695305241521,0.027329103226807757,1.454034349783499,0.05779271449486623,2527289.128735387,0.05452706101722514,True,False
1.128837891684693e+34,3000000000.0,2.0,2,0.4977710270644272,16.328007507744235,0.04501733529899473,1.4242407191710729,0.05834172249061029,210372.54769201358,0.10161248709404518,True,False
4.832930238571732e+34,3000000000.0,2.0,2,1.0598173003403586,13.828423519045012,0.11317270427031076,0.9541235838641935,0.08091968715656206,2905.7247224429934,0.24593662924343035,True,False
1.06558035900799e+35,3000000000.0,2.0,2,1.4919658208627955,13.30836578790258,0.16554554802878876,0.7942782541700437,0.07013224765461935,376.04426463216123,0.3833695783586637,True,False
1e+35,3000000000.0,2.0,2,1.4568588665951472,13.360505774082066,0.1610193033700618,0.8318431623532262,0.06985194159156327,430.22684547263015,0.3704601567422736,True,False
3.7926901907322693e+34,3000000000.0,2.0,2,0.9383801559999051,14.026059416400727,0.09879307465445442,1.0198642575571724,0.08110288158886007,5745.297430946662,0.2132350081480877,True,False
7.847599703514559e+34,3000000000.0,2.0,2,1.32184590466796,13.498791140986462,0.14460033963435417,0.8560063872733805,0.07514139874294952,792.3944972688029,0.3242823755752826,True,False
1.289272821396803e+35,3000000000.0,2.0,2,1.5966313151678122,13.220447782634611,0.1783371569274727,0.8661137634029189,0.061257066145309354,226.38921825910393,0.42413962884922596,True,False
1.2099254744119544e+35,3000000000.0,2.0,2,1.5620511316228807,13.258529743000098,0.17397355563725242,0.8414434782221696,0.06416546295530025,268.40702294617336,0.4102082600416071,True,False
1.5599240300749914e+35,3000000000.0,2.0,2,1.697647744381614,13.082774679988068,0.19161569556144795,0.8162412303103215,0.05863458612365277,151.32378828599968,0.4679809856916351,True,False
1.771233681420492e+35,3000000000.0,2.0,2,1.7626397989888567,13.014201155708829,0.19999973384723307,0.9194882442461871,0.051308525661829106,106.8934730434247,0.4989015603796703,True,False
6.15848211066028e+34,3000000000.0,2.0,2,1.1884866536937766,13.659825972880695,0.12847910531156248,0.9005637062592698,0.07876088534046119,1499.8810288534542,0.28285429965246767,True,False
1.4639196536310168e+35,3000000000.0,2.0,2,1.6644561756168834,13.113417687375792,0.18743031337688898,0.8214064200284698,0.05998181800710695,172.87381222028904,0.45302676832769717,True,False
1.3738237958832723e+35,3000000000.0,2.0,2,1.6307644337780876,13.173542270482189,0.18279824538698405,0.8456684186033652,0.06058471540909701,197.88446413975691,0.4384125744593128,True,False
1.135461501503597e+35,3000000000.0,2.0,2,1.5272572146193533,13.290519457512376,0.1696889611011994,0.8614252569409547,0.06477009191545675,306.9130114032923,0.39661847978639997,True,False
2.1430607522871213e+35,3000000000.0,2.0,2,1.8547624650637167,12.86835439533697,0.2128377438236025,0.9343531099544927,0.04666330215092887,71.22639711725738,0.5477638859187851,True,False
1.6622244079925e+35,3000000000.0,2.0,2,1.7305319472694216,13.0544232155066,0.19575158807954007,0.9180023273424167,0.05277115511466324,122.39928229332025,0.4832734120308551,True,False
2.433362979605363e+35,3000000000.0,2.0,2,1.912170146130871,12.721376207332938,0.22196055307780438,0.9353510028105887,0.04385105211363785,54.26374549979539,0.5819375656945353,True,False
2.011167655419456e+35,3000000000.0,2.0,2,1.8248057692140889,12.897617204025133,0.20892505404645245,0.9122856450086848,0.04869108069948612,81.54654001576915,0.5311511159792959,True,False
2.7629899825260174e+35,3000000000.0,2.0,2,1.964853894408305,12.65239383958871,0.22931946554677268,1.0091393685066077,0.039493394521498824,41.51725198160016,0.9991715754824679,True,False
1.8873918221350917e+35,3000000000.0,2.0,2,1.794083161208206,12.935811337911268,0.20480108731837707,0.9017947879737765,0.05042595628026628,93.30428596645302,0.9980707843503326,True,False
2.944187857515554e+35,3000000000.0,2.0,2,1.9892803778534545,12.580523600574598,0.23349664403551357,1.0289792191639107,0.037819352179356724,36.32617003127748,0.9988619913449119,True,False
2.5929437974046777e+35,3000000000.0,2.0,2,1.939390945199644,12.697238447692225,0.2255482433947299,0.9765580123712998,0.041510551291190176,47.41000451212297,0.5959881050618687,True,False
3.5622478902624224e+35,3000000000.0,2.0,2,2.0555037908964793,12.403083885002564,0.2447214076727612,1.023862463223147,0.035063774430577815,26.63223376475202,0.9991507654221232,True,False
2.283603445798044e+35,3000000000.0,2.0,2,1.8839035713382792,12.812299693837696,0.21712755485753238,0.9436666638487143,0.045031525860903,62.208638375346794,0.9987618203665367,True,False
3.3430119654032695e+35,3000000000.0,2.0,2,2.0345313694038905,12.46607414923155,0.2410005566059207,0.9819572314147631,0.03709669586278771,30.419617046663618,0.9993890279272187,True,False
3.1372687541983892e+35,3000000000.0,2.0,2,2.0123439987626015,12.509644438412687,0.23754211444900353,0.9954714671722336,0.03766431800715544,33.199822295930645,0.6175090875262761,True,False
1.2742749857031426e+33,10000000000.0,2.0,2,0.3556909743250205,21.79307867128713,0.024101141884644506,1.1759821081959982,0.09093351195878051,7454947.821862725,0.016268784890248682,True,False
1.6237767391887176e+33,10000000000.0,2.0,2,0.36035445208199046,21.171297514820964,0.02513424116051099,1.2030429860185248,0.0872558421860651,5799283.857931503,0.01729640857606203,True,False
2.636650898730345e+33,10000000000.0,2.0,2,0.3670150471246394,19.89361253450637,0.02724291504633009,1.2622577816260407,0.07952951691582455,3533207.9979704833,0.01953241220220439,True,False
2.0691380811147986e+33,10000000000.0,2.0,2,0.3641078206157417,20.53701137052075,0.026180390772110325,1.2319493984754277,0.0834333943756473,4522390.191935743,0.018383117523103773,True,False
5.455594781168515e+33,10000000000.0,2.0,2,0.38553095100754503,17.601733024115234,0.032343512398930734,1.350532024117767,0.06828795200386144,1286224.9322048414,0.06373973412854333,True,False
3.359818286283788e+33,10000000000.0,2.0,2,0.3691399612362081,19.24549074245732,0.02832340311822922,1.29364038984223,0.0755905521684111,2764706.864403532,0.020747748964555383,True,False
6.951927961775648e+33,10000000000.0,2.0,2,0.40909928176573634,16.724577968899723,0.036120762576513296,1.3543017100816697,0.06713354867952757,727886.7151466489,0.07451375555254086,True,False
1e+33,10000000000.0,2.0,2,0.35004872998964975,22.398331270425167,0.023077895568184084,1.1512391375330107,0.0943955647420402,9613450.871632608,0.015296941505881092,True,False
2.3357214690901024e+34,10000000000.0,2.0,2,0.7236659365207158,14.040969218308257,0.07610696514454886,1.0487873078762158,0.08696622769866429,22705.8284243451,0.1598936022945967,True,False
8.858667904100795e+33,10000000000.0,2.0,2,0.4452288548237255,15.933509377887011,0.041262470175224504,1.333543305220846,0.06830830498245788,380720.38642622804,0.08702752514619154,True,False
1.8329807108324376e+34,10000000000.0,2.0,2,0.6347126449858844,14.346931819271116,0.06532831808034198,1.1469535395021258,0.08106068683761725,45416.28792186277,0.13765222174018343,True,False
3.7926901907322693e+34,10000000000.0,2.0,2,0.9376161997693838,13.648544161451868,0.10144301162404135,0.8997389294359299,0.09038160569561897,5608.905507837877,0.21310549238267182,True,False
4.281332398719361e+33,10000000000.0,2.0,2,0.37321514699380964,18.480698377386886,0.029821140118530227,1.3268536172124585,0.07145206523204585,2019771.8280201189,0.05447969534479369,True,False
6.15848211066028e+34,10000000000.0,2.0,2,1.188010709485564,13.397537651393481,0.13094192776073296,0.7974105058419207,0.0852564950989808,1476.5309800262185,0.2827082730209727,True,False
2.976351441631313e+34,10000000000.0,2.0,2,0.8252259759322254,13.818920847885122,0.08818244205365014,0.9697446614182053,0.08972613464789231,11218.042774298556,0.1853725581718456,True,False
4.832930238571732e+34,10000000000.0,2.0,2,1.0592126413012513,13.504174927276576,0.11582397385935446,0.8387262811810204,0.08904582006170306,2847.9343412684134,0.24579824275360174,True,False
1.438449888287654e+34,10000000000.0,2.0,2,0.5577779598316318,14.741879592270786,0.05587169549544295,1.2176275975251838,0.07677406485234446,94007.82879976086,0.11830683133191149,True,False
1e+35,10000000000.0,2.0,2,1.456559234567036,13.17090748126161,0.16330362034203452,0.7418449439006447,0.07414868339015507,425.6308716383648,0.37030489760863194,True,False
1.135461501503597e+35,10000000000.0,2.0,2,1.5269910393323582,13.102441288762488,0.1720947521585661,0.7688811396222732,0.0687817458505514,303.7692438056783,0.396462383487818,True,False
1.128837891684693e+34,10000000000.0,2.0,2,0.49471530880411496,15.26893444360112,0.04784427524393719,1.2866808176684594,0.0717441215284549,190785.4111518098,0.10153277379069046,True,False
7.847599703514559e+34,10000000000.0,2.0,2,1.3214688701025532,13.282504798004162,0.14691303017017243,0.7625115999389069,0.08031173398779194,782.3231136112657,0.32413055170256,True,False
1.3738237958832723e+35,10000000000.0,2.0,2,1.6305445828398768,13.018423510738026,0.18495140854592693,0.7636691297587813,0.06371032390422787,196.25934191194915,0.43825677104681726,True,False
1.6622244079925e+35,10000000000.0,2.0,2,1.7303473893587522,12.898366582156847,0.19809884674541778,0.8318745021412476,0.05555769314704595,121.40685512214682,0.4831199169323331,True,False
2.011167655419456e+35,10000000000.0,2.0,2,1.8246525709919146,12.783830446663929,0.21076696530758002,0.8449318460791054,0.05057581115341706,81.06602635076614,0.5310016959708566,True,False
1.06558035900799e+35,10000000000.0,2.0,2,1.4916818920501222,13.121168365156448,0.16787540387814898,0.7017937746225469,0.07441830702189818,372.09443447681605,0.3832137781943254,True,False
1.8873918221350917e+35,10000000000.0,2.0,2,1.793922898516366,12.831983157973392,0.20643976380563975,0.8419194750220096,0.0521855127141123,92.78802441673747,0.5147112445857457,True,False
1.4639196536310168e+35,10000000000.0,2.0,2,1.6642486636560907,12.972204782974824,0.18944702161880939,0.7439419400427637,0.06282154511860387,171.6241681008859,0.4528715406946597,True,False
1.2099254744119544e+35,10000000000.0,2.0,2,1.5618020256154503,13.078016158722555,0.17634675524412566,0.7495106093456867,0.06801561005644818,265.8765122576507,0.41005206004555284,True,False
2.433362979605363e+35,10000000000.0,2.0,2,1.912046445938816,12.655519907805969,0.22310114915346435,0.8946502052012588,0.04481699437773032,54.05581656124468,0.5817940810189984,True,False
2.5929437974046777e+35,10000000000.0,2.0,2,1.939271862566589,12.61313850040756,0.2270381778518896,0.9232796660084104,0.04271211049203493,47.20253351780275,0.5958909874366067,True,False
1.289272821396803e+35,10000000000.0,2.0,2,1.5963975587516852,13.052134546429265,0.18061044969026155,0.7798371314485975,0.06467586820650484,224.35545763919174,0.42398363116009014,True,False
2.7629899825260174e+35,10000000000.0,2.0,2,1.964738692356806,12.526795607052625,0.23160512622801513,0.9269360886066101,0.041252158968057236,41.268110576982494,0.99724054609867,True,False
1.5599240300749914e+35,10000000000.0,2.0,2,1.697449825561968,12.9167517934976,0.19405596310360212,0.7222084081517179,0.06194021791148596,150.0536302377812,0.46782652493481397,True,False
2.1430607522871213e+35,10000000000.0,2.0,2,1.8546152171116554,12.724069188931901,0.21523413925007703,0.8467760929485836,0.04899236248741699,70.71008088129251,0.5476163028467078,True,False
1.771233681420492e+35,10000000000.0,2.0,2,1.7624676492393139,12.87148540566769,0.2021975302021208,0.8387566919425083,0.05380324836547228,106.12996121114895,0.4987493024584642,True,False
2.283603445798044e+35,10000000000.0,2.0,2,1.8837693104935886,12.691681924835045,0.21917544594791732,0.8689877645300721,0.04691683581237862,61.84120752626904,0.5645491473568254,True,False
3.1372687541983892e+35,10000000000.0,2.0,2,2.012246766995458,12.454933033079312,0.23857404964044007,0.9588348286369447,0.03837071370438063,33.097302991031036,0.6173925245336669,True,False
2.944187857515554e+35,10000000000.0,2.0,2,1.989176937227446,12.494121461450632,0.2350991466162242,0.9727282316940141,0.03895005271313398,36.15443069138346,0.6005353360935546,True,False
3.3430119654032695e+35,10000000000.0,2.0,2,2.034436935402153,12.380515093070729,0.24265479572079637,0.9210078315863982,0.03823485529323393,30.298686194162674,0.9979645169346796,True,False
1.2742749857031426e+33,30000000000.0,2.0,2,0.3192378752476383,18.525660040178263,0.025446267155162888,1.103475965296788,0.09968370107220945,6228916.124671792,0.016208643738395444,True,False
1e+33,30000000000.0,2.0,2,0.3088641824016244,18.88158186137455,0.02415530542657086,1.0940598397391978,0.10138407898020597,8218940.475193655,0.015220588926708831,True,False
2.0691380811147986e+33,30000000000.0,2.0,2,0.3358432817588525,17.713560107735354,0.027997172341088734,1.1362840287438012,0.09461530249519769,3666901.7163585033,0.018346049203919846,True,False
6.951927961775648e+33,30000000000.0,2.0,2,0.3977682312151068,15.069692106749413,0.038977059845055305,1.218874108102798,0.08138099209877517,603095.8518883666,0.07433704801631963,True,False
4.281332398719361e+33,30000000000.0,2.0,2,0.3549693582577761,16.26134352701915,0.032234267218689897,1.2106038715291985,0.0842628902753185,1614195.318226771,0.054344756594106536,True,False
1.6237767391887176e+33,30000000000.0,2.0,2,0.3282008793591591,18.1341546571781,0.02672549673708414,1.117761028504047,0.09739318387930576,4762208.1548353,0.017249159888879026,True,False
2.636650898730345e+33,30000000000.0,2.0,2,0.3422534188329887,17.269494126139463,0.0292652029382998,1.1584471578031827,0.09144655530530939,2840000.3355971375,0.01950337295771351,True,False
3.359818286283788e+33,30000000000.0,2.0,2,0.34753061667555035,16.809319875147402,0.030529963863064707,1.1838259534035498,0.08796029437467594,2210873.8547412246,0.020725018519675557,True,False
1.128837891684693e+34,30000000000.0,2.0,2,0.4881597213625888,14.137795661505168,0.05098748646383528,1.1342683092200547,0.08706357420556972,168433.0131723953,0.1013055378566709,True,False
8.858667904100795e+33,30000000000.0,2.0,2,0.4366017682858934,14.55775131281425,0.04428682592701533,1.1886501119422797,0.08321034888463313,325621.6765651607,0.08682655464005543,True,False
5.455594781168515e+33,30000000000.0,2.0,2,0.3709003500234674,15.653934871439198,0.03498783595124245,1.2252083290308915,0.08177986062761422,1039847.6129389774,0.06358506917460031,True,False
1.438449888287654e+34,30000000000.0,2.0,2,0.5527678808200737,13.817738740784995,0.05907302136018062,1.0616714245907402,0.0920492984758973,85306.73186588031,0.11805154473458167,True,False
2.976351441631313e+34,30000000000.0,2.0,2,0.8228137059568639,13.295431327954207,0.09138658468332365,0.8251568970475452,0.10203454060878805,10671.948455176751,0.1850274881017587,True,False
7.847599703514559e+34,30000000000.0,2.0,2,1.3204788081312766,13.029161795234675,0.14965744260943806,0.6586154312401881,0.08602471884493995,763.9068507940275,0.3236975515101117,True,False
1.8329807108324376e+34,30000000000.0,2.0,2,0.6308304859760377,13.589063229150565,0.06854985094354725,0.9940866997562201,0.09545650278503445,42041.83720524925,0.13736741961530477,True,False
3.7926901907322693e+34,30000000000.0,2.0,2,0.9356969488418535,13.216926476236182,0.10454134906716273,0.7661785066083731,0.10087190143587951,5385.653980657323,0.2127363460101281,True,False
2.3357214690901024e+34,30000000000.0,2.0,2,0.7206267628888399,13.415574029276897,0.07932032553979708,0.8977889531513558,0.1006445949423112,21368.633854337382,0.15957888601327863,True,False
4.832930238571732e+34,30000000000.0,2.0,2,1.0576716279116027,13.14559111273963,0.11881030092967534,0.7160292487105194,0.09777054420210222,2753.2540961898353,0.24540370955256216,True,False
6.15848211066028e+34,30000000000.0,2.0,2,1.186772630147998,13.086899909555786,0.13391033668775654,0.6805382648518754,0.09263341571163987,1434.1874218418207,0.28229188365504765,True,False
1e+35,30000000000.0,2.0,2,1.4557600095736398,12.943728968641304,0.16607862299681586,0.6394955254936191,0.07897553665470446,416.70877896552753,0.36986201631107096,True,False
1.135461501503597e+35,30000000000.0,2.0,2,1.5262823949234576,12.900516895731911,0.17470733698175042,0.6755968881333612,0.0727484175270042,297.9727657144517,0.39601707033600947,True,False
1.2099254744119544e+35,30000000000.0,2.0,2,1.561135467492865,12.880132459382153,0.17897963671676517,0.6545713302667646,0.07191509465478116,261.04217910339537,0.4096064291039613,True,False
1.4639196536310168e+35,30000000000.0,2.0,2,1.6636926006939512,12.800274067007734,0.19192748731634418,0.6550343142542168,0.06600352306581915,168.9623612940305,0.45242861875262574,True,False
1.3738237958832723e+35,30000000000.0,2.0,2,1.6299544236284038,12.832819908511846,0.1875584877133259,0.6703877839761299,0.06719316908028633,192.99686464133896,0.4378122280156897,True,False
1.289272821396803e+35,30000000000.0,2.0,2,1.5957704349910637,12.859427864772156,0.1832449981428705,0.6862615186933168,0.06830823049611108,220.40484208130516,0.42353855511596306,True,False
1.8873918221350917e+35,30000000000.0,2.0,2,1.793485958984096,12.672310367472246,0.20899001682627916,0.753283648836085,0.054723764792002125,91.50756601750186,0.5142806298823709,True,False
1.06558035900799e+35,30000000000.0,2.0,2,1.490929699310969,12.91338444560903,0.17049060280883427,0.6049757240460671,0.07884116319123131,364.8879591572039,0.3827694328219443,True,False
1.771233681420492e+35,30000000000.0,2.0,2,1.7620005926067208,12.69839860168284,0.2048992910287515,0.744289378163726,0.056650579209130386,104.5708930528358,0.4983147914659714,True,False
1.5599240300749914e+35,30000000000.0,2.0,2,1.6969241069776126,12.759280074909835,0.19639010837964804,0.6387491621485851,0.06479391515221064,147.8580297397599,0.4673854470395914,True,False
2.433362979605363e+35,30000000000.0,2.0,2,1.9116998850243203,12.505933401287272,0.22572879512351715,0.8035629073930629,0.04692808910844062,53.3834692494649,0.5813845144099428,True,False
1.6622244079925e+35,30000000000.0,2.0,2,1.729846532391797,12.720554594178738,0.2008097937562587,0.7381354278374704,0.058508965331551796,119.45565352328161,0.48268189629236413,True,False
2.283603445798044e+35,30000000000.0,2.0,2,1.8833986938793628,12.541221464822218,0.2217613152901169,0.7788755590853991,0.049124158053210694,61.062547235693025,0.5641334311641034,True,False
2.1430607522871213e+35,30000000000.0,2.0,2,1.8542295839461036,12.59935237673021,0.21731947364911663,0.7747334112520854,0.05084767691965998,69.93372067103346,0.5471948372336779,True,False
2.944187857515554e+35,30000000000.0,2.0,2,1.9888878597580721,12.378776507969457,0.2372553070554521,0.9000308694701912,0.04036344317976125,35.794579808303226,0.6001941485321071,True,False
2.7629899825260174e+35,30000000000.0,2.0,2,1.9644392027994735,12.434521893755186,0.23328824826861388,0.8705967872096593,0.0424045186695166,40.91255183406922,0.5948315113127022,True,False
2.5929437974046777e+35,30000000000.0,2.0,2,1.9389493231661874,12.478019084479811,0.22945851249182247,0.8399363863609555,0.044538162687366704,46.678852247226914,0.5956136743360186,True,False
3.1372687541983892e+35,30000000000.0,2.0,2,2.0119713459996973,12.317225942958242,0.24120829800674695,0.8672096254653416,0.04009325688499038,32.73549077487543,0.6170597297610995,True,False
3.3430119654032695e+35,30000000000.0,2.0,2,2.0341865570140203,12.279505187837517,0.24462073908527393,0.851969523665542,0.03947694399613804,30.045946977653045,0.6341589362430736,True,False
2.011167655419456e+35,30000000000.0,2.0,2,1.8242427108177393,12.640560584194667,0.21310794740555075,0.7641776113317806,0.05276761968387932,80.03464340738849,0.530575244519451,True,False
1.6237767391887176e+33,100000000000.0,2.0,2,0.2669229607895744,14.569307821134462,0.027053930830337827,1.1116442682854428,0.09805187798627368,4510376.341215415,0.017093611069759103,True,False
1.2742749857031426e+33,100000000000.0,2.0,2,0.25094618334766633,14.677893161747603,0.025246445041292184,1.1262519460659781,0.09683766608534568,6294364.467364994,0.016039758474956763,True,False
2.636650898730345e+33,100000000000.0,2.0,2,0.29353254658904065,14.198960994559112,0.030526924825414397,1.1050113890191522,0.0976259887066709,2455041.85210053,0.01940233451849278,True,False
2.0691380811147986e+33,100000000000.0,2.0,2,0.28109359955403224,14.406598471750966,0.02881196415787115,1.1048084025886724,0.0982779042461668,3299896.346519694,0.018217334015192644,True,False
3.359818286283788e+33,100000000000.0,2.0,2,0.3043195832234231,13.95360734063391,0.03220525660237921,1.1115131303164507,0.0962115109853612,1851407.236750997,0.020645790797919946,True,False
1e+33,100000000000.0,2.0,2,0.23312114124798544,14.72223486652283,0.02338251812588631,1.1493839348373807,0.09452997401194467,9016165.625933856,0.015051119770986806,True,False
6.951927961775648e+33,100000000000.0,2.0,2,0.3727662530513218,13.083084855390343,0.042073611369584374,1.0776067453495521,0.09667080199206635,488826.91133846756,0.07372449715341108,True,False
4.281332398719361e+33,100000000000.0,2.0,2,0.31773534237183765,13.655152455826183,0.034359934930674345,1.1180887850048256,0.09463932385732464,1317403.176388635,0.05387707504936748,True,False
1.128837891684693e+34,100000000000.0,2.0,2,0.4721340057895228,12.723575725349628,0.054794814877909395,0.9564927648728405,0.10556865464520969,142477.53992585314,0.10051798553729654,True,False
5.455594781168515e+33,100000000000.0,2.0,2,0.34002127466258536,13.348690093658853,0.037614110978523116,1.1082378827603145,0.09466841428169055,838223.5064121989,0.0630488434970077,True,False
2.3357214690901024e+34,100000000000.0,2.0,2,0.7121699428287964,12.587512984996163,0.08354627087128455,0.7163564552542693,0.11750125456711553,19244.91051206769,0.15848532497748063,True,False
3.7926901907322693e+34,100000000000.0,2.0,2,0.9300340152136493,12.630034079225974,0.10873708125261795,0.6062501921460913,0.11348664512828642,4976.971361068455,0.21145434425859538,True,False
1.8329807108324376e+34,100000000000.0,2.0,2,0.6204292716533428,12.601700797904767,0.07270201979662708,0.8114501545604632,0.11316749693232522,37144.80377546724,0.13637975712828868,True,False
1e+35,100000000000.0,2.0,2,1.4532511731486653,12.645688340147974,0.16969989320662887,0.5250668351707276,0.0841075935523664,398.4153874173212,0.36832023948548337,True,False
4.832930238571732e+34,100000000000.0,2.0,2,1.0530343525856838,12.653919626911858,0.12288555308769475,0.5697613160182005,0.10807891798061932,2571.2575892220148,0.24403276161849843,True,False
1.438449888287654e+34,100000000000.0,2.0,2,0.5404069446530906,12.644237021627454,0.0631119580112468,0.8903532622892047,0.10923176628901245,72727.62855526096,0.11716601806728172,True,False
8.858667904100795e+33,100000000000.0,2.0,2,0.4165767525714035,12.874015708972935,0.047782003565723714,1.026435389569589,0.10044466210129387,268852.34028236865,0.08612994881097435,True,False
1.135461501503597e+35,100000000000.0,2.0,2,1.5240358519881176,12.626528325559413,0.17823565533239882,0.5677794977794117,0.07706987727863293,285.64095211936547,0.3944661150964765,True,False
2.976351441631313e+34,100000000000.0,2.0,2,0.8161098520998941,12.608097359957565,0.0955833896855118,0.6763084323110382,0.11456895738598419,9573.341742984723,0.18382946403484182,True,False
7.847599703514559e+34,100000000000.0,2.0,2,1.3173772118783988,12.666992666769431,0.15357481066065093,0.5301092028643658,0.09285418860290894,724.6199679247991,0.3221902003906813,True,False
1.2099254744119544e+35,100000000000.0,2.0,2,1.5590068196258873,12.610928521675351,0.18255104013151183,0.5438290433766657,0.07620170796648826,250.58316342386104,0.40805386247473496,True,False
1.3738237958832723e+35,100000000000.0,2.0,2,1.6280449593646478,12.573681908013995,0.19119973486853273,0.5577962047892282,0.07113727482892886,185.59639500956547,0.43626340426395577,True,False
6.15848211066028e+34,100000000000.0,2.0,2,1.1829737251915853,12.668067496128186,0.13789486405982904,0.5446887558928803,0.10102082098675817,1350.7630729969667,0.28084293147396194,True,False
1.5599240300749914e+35,100000000000.0,2.0,2,1.695216981242117,12.518389771396098,0.19996785382456275,0.5266794644048763,0.06838637678433368,142.58617147238925,0.4658484142133403,True,False
1.06558035900799e+35,100000000000.0,2.0,2,1.488559120714742,12.632396277204212,0.17400579340892317,0.49313363755556283,0.08369162874939502,349.76167528975884,0.3812218818171173,True,False
1.4639196536310168e+35,100000000000.0,2.0,2,1.6618837562829314,12.546612465089844,0.19559489700921712,0.5405154652220742,0.06985012817407607,162.6628390958458,0.45088441850800404,True,False
1.289272821396803e+35,100000000000.0,2.0,2,1.5937546670679783,12.595480304919803,0.186848707221043,0.5761579403591681,0.07232035531739972,211.69899937540444,0.42198709909512205,True,False
1.771233681420492e+35,100000000000.0,2.0,2,1.7604929231253963,12.485303440803417,0.20821813047507715,0.6460503576117799,0.05936402945729379,101.12054439701447,0.4967999469751968,True,False
2.433362979605363e+35,100000000000.0,2.0,2,1.9105677162584223,12.316445314285815,0.22906588445559006,0.7026843388896536,0.049063604153788534,51.86401370121719,0.5799555612094046,True,False
1.8873918221350917e+35,100000000000.0,2.0,2,1.7920654056095562,12.462117955736346,0.212346623440126,0.6528258719275868,0.05737194533313086,88.58935076196052,0.5127779056927527,True,False
3.1372687541983892e+35,100000000000.0,2.0,2,2.0110796954441876,12.155515692825267,0.24430888063992573,0.7707540852902631,0.041754078723016765,31.98242404904452,0.6158971002959635,True,False
2.7629899825260174e+35,100000000000.0,2.0,2,1.9634462250882099,12.2585511186832,0.2365174727821526,0.7727072227523686,0.04426310077993923,39.86891584752084,0.5945393039412563,True,False
2.944187857515554e+35,100000000000.0,2.0,2,1.9879520439896698,12.217507114381862,0.240273936663555,0.8104582820519391,0.04194986787276439,34.92255568269087,0.5990028558441561,True,False
1.6622244079925e+35,100000000000.0,2.0,2,1.7282466071654952,12.505048374784568,0.20408152827130727,0.6425445815202634,0.06126940172957222,115.380891800311,0.4811548095966341,True,False
2.5929437974046777e+35,100000000000.0,2.0,2,1.9378919818425917,12.290373125284347,0.23283478254997841,0.7359494793496075,0.046643084490116664,45.44192378365352,0.5946450090059703,True,False
2.011167655419456e+35,100000000000.0,2.0,2,1.8229035689591695,12.434431314900623,0.2164816694699161,0.6623579381254874,0.05532245372386067,77.57191854799957,0.5290880434799557,True,False
2.283603445798044e+35,100000000000.0,2.0,2,1.882202496102302,12.358166411952437,0.22490321668541485,0.6852902303160755,0.051204995856558536,59.325682247970335,0.5626832334900738,True,False
2.1430607522871213e+35,100000000000.0,2.0,2,1.8529654541840526,12.400670544890188,0.22065080390778427,0.6737563355022372,0.05325009611974276,67.87370657723642,0.5457244680840689,True,False
1.2742749857031426e+33,300000000000.0,2.0,2,0.1549222851455445,10.755412181939361,0.021270132568626032,1.3119485635591934,0.07504831192558152,11492081.187249392,0.01579453024586134,True,False
2.636650898730345e+33,300000000000.0,2.0,2,0.2203730991149291,11.173117399216105,0.029125110258391707,1.172078405105278,0.08982381078320625,2857342.6673683254,0.019152007740405992,True,False
2.0691380811147986e+33,300000000000.0,2.0,2,0.20046877604004212,11.120585518548689,0.026619656409560544,1.207811446985567,0.08623387901605992,4301049.445718827,0.01795996637301257,True,False
1e+33,300000000000.0,2.0,2,0.129584413151346,10.397479883967604,0.018403822605707085,1.3818048778409497,0.06733012238267218,21260719.24673089,0.014807281615424293,True,False
3.359818286283788e+33,300000000000.0,2.0,2,0.23827968222154822,11.159040614411081,0.03153141895291947,1.1462305408947004,0.09219020121230655,1971859.3265289157,0.020424572036198935,True,False
1.6237767391887176e+33,300000000000.0,2.0,2,0.17863514410228065,10.988462916126782,0.024005641650034142,1.254180202825631,0.08133319304908077,6801582.490498722,0.01684256580997207,True,False
4.281332398719361e+33,300000000000.0,2.0,2,0.259466667248914,11.113093723475407,0.034477038788089005,1.1174997762871675,0.09466942603561743,1295593.312668675,0.05259751266637954,True,False
5.455594781168515e+33,300000000000.0,2.0,2,0.28991714081662673,11.097646136466658,0.03857681615457342,1.068328103837968,0.09911760161570321,773441.7636185279,0.061591944447406725,True,False
1.8329807108324376e+34,300000000000.0,2.0,2,0.5986764946967691,11.555176719341555,0.07650661308996716,0.6778524665042106,0.12611088122963868,32074.98186100392,0.13378847250584705,True,False
2.3357214690901024e+34,300000000000.0,2.0,2,0.6937589950559244,11.696496206524067,0.0875863047182867,0.5817488772932113,0.12983233637019548,16792.31585549061,0.1556213887836765,True,False
2.976351441631313e+34,300000000000.0,2.0,2,0.8005217645172807,11.848496129434814,0.099768461225945,0.5537091100672822,0.12460127320404167,8403.589916025358,0.1806822202562593,True,False
4.832930238571732e+34,300000000000.0,2.0,2,1.0419409299950018,12.095303669370569,0.12720661119630092,0.4604795908235546,0.11502516803723882,2302.2538178009727,0.2403632297125413,True,False
6.951927961775648e+33,300000000000.0,2.0,2,0.3302042354655957,11.124045717107165,0.04383320590035444,1.0015742419362414,0.10506757047820293,432873.7528955275,0.07207411881488808,True,False
1.128837891684693e+34,300000000000.0,2.0,2,0.44205873233550763,11.29090864179698,0.05781418948693371,0.8377100294105759,0.118125681125177,121921.65773546384,0.09842984447222114,True,False
8.858667904100795e+33,300000000000.0,2.0,2,0.38064185037554726,11.190270181452004,0.05022955428905672,0.9215854433930953,0.11184944131645164,233209.33885428906,0.08426942039991366,True,False
1e+35,300000000000.0,2.0,2,1.4468833460792938,12.289318777072443,0.17385575412059678,0.43341660615554944,0.08745561944127549,367.07187943106845,0.36401135269144275,True,False
3.7926901907322693e+34,300000000000.0,2.0,2,0.9168553691255398,11.978910696226766,0.11302300926873285,0.48854834118754675,0.12214526578199637,4415.206782095075,0.20806068795749919,True,False
1.2099254744119544e+35,300000000000.0,2.0,2,1.5535598547103306,12.292461363300532,0.1866261510087914,0.45543088778346197,0.07891460589917972,232.38261620341072,0.40368264617464883,True,False
1.438449888287654e+34,300000000000.0,2.0,2,0.5147503942960547,11.41834106388521,0.06656976713619542,0.7596679633438248,0.12255195892047738,62494.78951214691,0.11483440877606052,True,False
1.289272821396803e+35,300000000000.0,2.0,2,1.58859414149991,12.290362039248972,0.19086734895317622,0.491266211147925,0.07472481883746859,196.65971463033495,0.4176161695789492,True,False
6.15848211066028e+34,300000000000.0,2.0,2,1.1737023461055358,12.191610578879553,0.14216092858078871,0.44415171191349445,0.10641061247803034,1221.778352389479,0.2769179885588852,True,False
1.06558035900799e+35,300000000000.0,2.0,2,1.4825149648013392,12.28910127695379,0.17814035914335768,0.39977913407482824,0.08699932664164314,323.3054416974721,0.3768852881280663,True,False
7.847599703514559e+34,300000000000.0,2.0,2,1.3096779408888664,12.258372105230775,0.1577666025899501,0.43598554143147406,0.09703566826095637,661.8579277710743,0.31804398196688777,True,False
1.135461501503597e+35,300000000000.0,2.0,2,1.5182912154686445,12.294931768318573,0.18235275008374294,0.4801912083172925,0.07986099901593352,264.04739842643767,0.3901083651547604,True,False
1.3738237958832723e+35,300000000000.0,2.0,2,1.6231633964581742,12.283932905916972,0.19512286573871987,0.474126105179299,0.07339312280715872,172.99090831732406,0.43189616512201023,True,False
1.5599240300749914e+35,300000000000.0,2.0,2,1.690862654306629,12.263044766412381,0.20360731619879882,0.44911951375053183,0.07023634931740412,133.81468437153455,0.4615097706666832,True,False
1.4639196536310168e+35,300000000000.0,2.0,2,1.6572736518647413,12.274837870453517,0.19937092426676173,0.4599978443925702,0.07189457930414875,152.1583452460934,0.4465290859081156,True,False
1.771233681420492e+35,300000000000.0,2.0,2,1.7565830228981214,12.240458291814203,0.21191142094999968,0.570615643681235,0.0608912899171404,94.99310797578836,0.4925221321637546,True,False
1.6622244079925e+35,300000000000.0,2.0,2,1.7241206926584247,12.255642172890377,0.20773752485724178,0.5698825090658227,0.06279347696431292,108.20529369971544,0.4768446810045529,True,False
1.8873918221350917e+35,300000000000.0,2.0,2,1.7883616866659737,12.221835414727945,0.21607388822490275,0.5748648932555822,0.058889060836890134,83.35505334490658,0.5085292176821359,True,False
2.011167655419456e+35,300000000000.0,2.0,2,1.8193955462125537,12.199137464140954,0.22023247684441902,0.58241602049828,0.05680882374683841,73.10005815947581,0.524883680923596,True,False
2.433362979605363e+35,300000000000.0,2.0,2,1.907608603931956,12.11217018590953,0.23256838077274788,0.6287814608277795,0.05017139481990743,49.15996558432121,0.575911273151704,True,False
2.1430607522871213e+35,300000000000.0,2.0,2,1.8496419817494267,12.171506979145466,0.22440197901477632,0.5929003189861518,0.054673514174269,64.05489401252417,0.5415671388576602,True,False
2.283603445798044e+35,300000000000.0,2.0,2,1.8790516922861038,12.137534763204613,0.22860809348993216,0.6055116791253338,0.05251435003664009,56.069763796111474,0.5585780330261917,True,False
2.944187857515554e+35,300000000000.0,2.0,2,1.9854772607552675,12.027015776650426,0.24377569196221216,0.7340911087440989,0.04294164112781634,33.25334895250676,0.5956246705418257,True,False
2.7629899825260174e+35,300000000000.0,2.0,2,1.9608227195196737,12.061303321561285,0.24006422873292405,0.6952751058302259,0.045332755065834576,37.903873597805216,0.5937056965798059,True,False
2.5929437974046777e+35,300000000000.0,2.0,2,1.9351075907017992,12.089037062328563,0.23637240198250173,0.6596749927774931,0.047745568072214827,43.13779711500218,0.5918938355446025,True,False
1e+33,1000000000000.0,2.0,2,0.004450749718084789,2.828498182870192,0.0023235960520937176,1.9302192973626744,0.007452311540482437,73349404694.12268,0.014360877198085917,True,False
1.6237767391887176e+33,1000000000000.0,2.0,2,0.04941108375713845,6.020511360510925,0.01211921137859775,1.6661189291280498,0.035868246837947204,91463346.8366063,0.01638003138217773,True,False
2.0691380811147986e+33,1000000000000.0,2.0,2,0.07622232941323052,6.788484145037931,0.016580314724128336,1.5566727338636375,0.04764122294768927,25347071.64014817,0.017509359977665936,True,False
2.636650898730345e+33,1000000000000.0,2.0,2,0.10309127010764196,7.322836776169713,0.020788631322972477,1.4616951263043543,0.057791587826946905,9923020.33546824,0.018697005554055676,True,False
5.455594781168515e+33,1000000000000.0,2.0,2,0.19951848444633277,8.395859553223795,0.035091451555987335,1.1843636004447498,0.08649249992661441,1083628.7653819467,0.058799850483556806,True,False
1.2742749857031426e+33,1000000000000.0,2.0,2,0.024317722073058462,4.868100575714131,0.007376438218923311,1.7905906202881121,0.02246026424842789,685630384.6557004,0.015340111116772408,True,False
3.359818286283788e+33,1000000000000.0,2.0,2,0.12902119862999467,7.694814858859931,0.024759750171032196,1.3806214082210053,0.06634233454574176,4753004.216061836,0.019961508390103414,True,False
1.128837891684693e+34,1000000000000.0,2.0,2,0.3763722141035133,9.536636035112986,0.05827814326430063,0.8625409396117422,0.1149073014560703,113953.54304312349,0.09461177755802118,True,False
4.281332398719361e+33,1000000000000.0,2.0,2,0.1595263663883469,8.02740760699745,0.029345432759764718,1.292340938912384,0.07550049540802807,2312895.173714171,0.05008671310686082,True,False
2.3357214690901024e+34,1000000000000.0,2.0,2,0.6476991318863905,10.572195352233932,0.09046727241596093,0.6449407877131897,0.12098650986727474,13310.311117142412,0.15046343243075022,True,False
1.8329807108324376e+34,1000000000000.0,2.0,2,0.5463402893524549,10.249046749380131,0.07871601779219156,0.6970512882188179,0.12254049015172315,27031.66383952441,0.12911487149150436,True,False
1.438449888287654e+34,1000000000000.0,2.0,2,0.455976493189073,9.903071206752253,0.06799170209509575,0.7808111788134868,0.11924963507305225,54712.45881884835,0.11060678426340244,True,False
8.858667904100795e+33,1000000000000.0,2.0,2,0.30742795234662357,9.159311599995197,0.04956371823914907,0.9617245096683221,0.10732849419473348,239223.79745292818,0.08082580941894746,True,False
6.951927961775648e+33,1000000000000.0,2.0,2,0.24877849019624962,8.778919797282828,0.04184611145070087,1.072902909310336,0.09731432433579472,505603.3881767188,0.0689718458920722,True,False
2.976351441631313e+34,1000000000000.0,2.0,2,0.7596175182147269,10.869693950069424,0.10319556107819987,0.5766680639610735,0.11994475166734968,6832.582861229424,0.1750018711963536,True,False
1e+35,1000000000000.0,2.0,2,1.4279191069182042,11.816933561460157,0.1784358738641419,0.44527102799284973,0.08407743209676385,309.86842121040826,0.3553015630429542,True,False
1.06558035900799e+35,1000000000000.0,2.0,2,1.4646627649952793,11.841131690233235,0.1826534126326536,0.5252888954263815,0.07717226825551525,253.06439840623074,0.3679975905919049,True,False
3.7926901907322693e+34,1000000000000.0,2.0,2,0.88104577118727,11.129342907231623,0.11689940705125115,0.5085524881496627,0.11755155810349727,3589.8441079649324,0.2018801638645676,True,False
6.15848211066028e+34,1000000000000.0,2.0,2,1.1470679008263878,11.554082113581442,0.14660103555232867,0.46362523527577254,0.10200347622193848,1004.242329346242,0.2695275695693477,True,False
1.135461501503597e+35,1000000000000.0,2.0,2,1.501058378861669,11.857965582572199,0.1869264501656619,0.4932773578622387,0.07668399179774121,224.00600470097055,0.3810420708386486,True,False
1.289272821396803e+35,1000000000000.0,2.0,2,1.572946380005697,11.88256107482163,0.1954732006298605,0.4996144484550973,0.07193184302573417,168.0327010557646,0.4081848696403203,True,False
4.832930238571732e+34,1000000000000.0,2.0,2,1.0109359574091028,11.362398743272793,0.13138233586158293,0.48236283629416044,0.11029617553970175,1878.3836521745766,0.2335939186913902,True,False
7.847599703514559e+34,1000000000000.0,2.0,2,1.2870550617862329,11.705534947675755,0.16236380557799912,0.4513296320527692,0.09313680715634179,550.2803142045267,0.310004304173983,True,False
1.2099254744119544e+35,1000000000000.0,2.0,2,1.5371355933899895,11.870393088788465,0.1912187342735561,0.4631796866567519,0.07601471492845904,198.22307833460124,0.394437249755791,True,False
1.4639196536310168e+35,1000000000000.0,2.0,2,1.6431032054009158,11.892421529285754,0.2040224269447962,0.4581347386186643,0.06959984649290356,131.258511719949,0.4367427386250481,True,False
1.6622244079925e+35,1000000000000.0,2.0,2,1.7113242647167934,11.897619626916933,0.21240052653223207,0.5709275591679732,0.060661344173409855,93.54979181450389,0.46671712406678856,True,False
2.1430607522871213e+35,1000000000000.0,2.0,2,1.8393500580531994,11.869745570613471,0.22882651239401233,0.5865600146855695,0.053081014697332424,56.40482419829874,0.5308749315251708,True,False
1.3738237958832723e+35,1000000000000.0,2.0,2,1.60826499380468,11.889081241731956,0.19975270781777335,0.4772898677038763,0.07085651348261195,148.53374926611767,0.42228675010261557,True,False
2.283603445798044e+35,1000000000000.0,2.0,2,1.869336418539936,11.855974747116468,0.23282711801273764,0.6024484695497134,0.05093644012964973,49.632884818829844,0.5477749462569621,True,False
2.011167655419456e+35,1000000000000.0,2.0,2,1.808505956860237,11.880676682129623,0.22478230861764678,0.5756190961583115,0.05514143065599115,64.058406960902,0.5143155393558922,True,False
1.771233681420492e+35,1000000000000.0,2.0,2,1.7444403113952245,11.894593979475326,0.2165657894753873,0.5680284364710853,0.05894526928541047,82.49135402437595,0.4822336121423592,True,False
2.7629899825260174e+35,1000000000000.0,2.0,2,1.9525166339221323,11.792361719507957,0.2444991260556202,0.6791279888808354,0.044235575015135344,33.751560905487246,0.5908028172011389,True,False
2.5929437974046777e+35,1000000000000.0,2.0,2,1.926364412833929,11.818211740007126,0.2406966472505912,0.6485607738593776,0.04648939892550794,38.362991685037926,0.5825576971641193,True,False
1.8873918221350917e+35,1000000000000.0,2.0,2,1.7768548075854813,11.888951852235117,0.22069461398611487,0.5695229923818405,0.05710046145171634,72.7092536783388,0.49810048972585885,True,False
1.5599240300749914e+35,1000000000000.0,2.0,2,1.67747526371657,11.895346998910124,0.208239144231399,0.5105345685016104,0.0651443742582979,110.91079186771715,0.45155271939362857,True,False
2.433362979605363e+35,1000000000000.0,2.0,2,1.8984026065681756,11.838943543494164,0.23678747856168333,0.6231516828637705,0.04873066747658878,43.64328540758773,0.5650101912595992,True,False
3.359818286283788e+33,3000000000000.0,2.0,2,0.012646774068755764,3.0137928561206504,0.006196546626869989,1.8615825653569174,0.014992088738767815,1094012477.5802972,0.01924964823713248,True,False
5.455594781168515e+33,3000000000000.0,2.0,2,0.07836759448103725,5.355046654637669,0.021610092122937286,1.5882455092605985,0.04394833574473978,6216816.9961887235,0.054960524860235074,True,False
4.281332398719361e+33,3000000000000.0,2.0,2,0.039574224088298825,4.3248332324149255,0.013512210556319031,1.7132468468838489,0.030887565570937636,45715176.5042589,0.04666487045200206,True,False
6.951927961775648e+33,3000000000000.0,2.0,2,0.12840260346505278,6.226958400463638,0.03044957434957509,1.490792055444907,0.05349306710213331,1362385.805453165,0.06468390984494775,True,False
1.438449888287654e+34,3000000000000.0,2.0,2,0.3475300514561007,8.296231676555697,0.06185785471236656,1.237717850619183,0.0731449277338892,53841.69024081627,0.10465931392321036,True,False
1.128837891684693e+34,3000000000000.0,2.0,2,0.2626617901638668,7.675303498090739,0.05053411954641926,1.3059940569523893,0.06914280216129952,139872.45584395694,0.08927080482520436,True,False
2.3357214690901024e+34,3000000000000.0,2.0,2,0.5529271295797732,9.364030686682222,0.08719436756671521,1.0972430474506434,0.07853811488838872,10388.36149258255,0.14315102818830053,True,False
2.976351441631313e+34,3000000000000.0,2.0,2,0.6728700071556732,9.819913010473407,0.10118284596946092,1.0101680194619131,0.08102062351035132,5092.9553507025,0.1669400024116375,True,False
6.15848211066028e+34,3000000000000.0,2.0,2,1.0857425979774498,10.869849077067276,0.1474982012473145,0.884427759412086,0.07213341545348713,688.829307410087,0.259138140160509,True,False
1.8329807108324376e+34,3000000000000.0,2.0,2,0.44440789956087584,8.859725562778154,0.0740704292799335,1.1818901450720376,0.07503058497252031,22434.829077836283,0.12250878833033056,True,False
1e+35,3000000000000.0,2.0,2,1.3822566384069501,11.290976747946162,0.18077589997132854,0.7477546119540235,0.06623244097388836,228.70562205298643,0.34325285011437795,True,False
8.858667904100795e+33,3000000000000.0,2.0,2,0.189642275900257,6.988675867876638,0.040070394772163724,1.389449022887385,0.0626859215885914,404539.23653686466,0.07603795466774316,True,False
7.847599703514559e+34,3000000000000.0,2.0,2,1.2337287240884496,11.105052073388789,0.16405234318391013,0.7866656331213293,0.07120009188406959,399.4635026488431,0.2987529571788284,True,False
1.5599240300749914e+35,3000000000000.0,2.0,2,1.6443283895226268,11.493877210772151,0.21125420520746716,0.837782358203201,0.05067451688434316,80.29186472266306,0.4380919776586944,True,False
1.4639196536310168e+35,3000000000000.0,2.0,2,1.6083810496097513,11.477947137484055,0.20692267695108732,0.8597039928338782,0.05133217423367501,90.21068062504058,0.42349667748469066,True,False
1.289272821396803e+35,3000000000000.0,2.0,2,1.5347274121199803,11.431976272282895,0.19824091648706668,0.7763062243551905,0.05787200089015354,126.01166644101541,0.39535149131229197,True,False
4.832930238571732e+34,3000000000000.0,2.0,2,0.9410282180021756,10.568394574321998,0.13148523535516918,0.871110502095941,0.07962565745243505,1350.7557712038179,0.22403436791266135,True,False
1.3738237958832723e+35,3000000000000.0,2.0,2,1.5717909068665725,11.454654660753757,0.20262644850954414,0.7418237639142483,0.05763787453286591,112.49572935702429,0.4092494259253583,True,False
3.7926901907322693e+34,3000000000000.0,2.0,2,0.802887328919946,10.22622031394031,0.11593720333940775,1.0112930084111476,0.07545329955451027,2401.4462853825203,0.19312241933281848,True,False
1.6622244079925e+35,3000000000000.0,2.0,2,1.6796291083858605,11.505874827394177,0.21556443414678125,0.8199358003550079,0.049840368305082317,71.38458544793295,0.4530332775350733,True,False
1.771233681420492e+35,3000000000000.0,2.0,2,1.7142234925891706,11.514323370510729,0.21984286820074203,0.8064927876413412,0.04883870605337519,63.403171544970775,0.468317717492991,True,False
1.2099254744119544e+35,3000000000000.0,2.0,2,1.4971659386463338,11.404011654799422,0.19386332029187633,0.8138634704090627,0.05789579087665255,140.9540305009658,0.38180339400331376,True,False
1.06558035900799e+35,3000000000000.0,2.0,2,1.42075461274538,11.33034288284506,0.1851652060957089,0.8314726896479949,0.06036848908935746,184.89370830621195,0.35575526275615355,True,False
1.8873918221350917e+35,3000000000000.0,2.0,2,1.7480708435536672,11.519620766706911,0.2240805738948709,0.7978277728979402,0.04767810393667199,56.26090016570412,0.48394159994236796,True,False
1.135461501503597e+35,3000000000000.0,2.0,2,1.4591107824391394,11.36804166072398,0.1895334950901953,0.7860765472822088,0.060812780080853154,165.75771159098468,0.3686049410804506,True,False
2.1430607522871213e+35,3000000000000.0,2.0,2,1.813307527920765,11.52166896896724,0.23240177045664426,0.7958978003378305,0.044934642127224846,44.18683213514444,0.5162360663972949,True,False
2.433362979605363e+35,3000000000000.0,2.0,2,1.874952432139017,11.51331480268615,0.24047682844763013,0.8161013232824006,0.04172750976123784,34.59115239213225,0.5499128848826658,True,False
2.011167655419456e+35,3000000000000.0,2.0,2,1.7811124860198193,11.521989162311524,0.22826916319534515,0.7941877446296216,0.04637272940159397,49.88100160400924,0.49991063595689406,True,False
2.5929437974046777e+35,3000000000000.0,2.0,2,1.9041540833323503,11.50527436073274,0.24439283529918077,0.8348839738711198,0.03999864613817045,30.58522526337895,0.5672010456143575,True,False
2.283603445798044e+35,3000000000000.0,2.0,2,1.8446039351165406,11.518764670274232,0.2364724691335117,0.8031403694955217,0.043380776193522055,39.111379016258724,0.5329042391322213,True,False
1.128837891684693e+34,10000000000000.0,2.0,2,0.03357486109240793,3.583443598966717,0.013835568605045917,1.9234326360434744,0.009858831667887334,12964301.766028425,0.08087620113750042,True,False
2.3357214690901024e+34,10000000000000.0,2.0,2,0.30937689668365886,7.256843386841385,0.06295402313175597,1.6990370294245152,0.03241194276179562,21852.259929369462,0.13175162048520195,True,False
1.438449888287654e+34,10000000000000.0,2.0,2,0.10255380315681176,5.146649466775946,0.029424598236090845,1.849889735822424,0.01848898001085112,558816.1969652858,0.09535220741611536,True,False
1.8329807108324376e+34,10000000000000.0,2.0,2,0.195799027593755,6.310423901299138,0.045817918749007376,1.7746275086215717,0.026073231684553572,86084.86763167709,0.11220194131565114,True,False
4.832930238571732e+34,10000000000000.0,2.0,2,0.7428346235356577,9.3018019978016,0.11792568518278379,1.4825215924759607,0.04303812043260934,1258.1140023737912,0.20887845560407542,True,False
2.976351441631313e+34,10000000000000.0,2.0,2,0.44040541135309874,8.052432682403811,0.08076234206010123,1.6242895476251817,0.037383667869018304,7253.475138864214,0.15434983079653342,True,False
6.15848211066028e+34,10000000000000.0,2.0,2,0.907702761889767,9.78359588335151,0.13700250633111766,1.4182146152753776,0.04379796071699498,604.9508196570825,0.2424802010462142,True,False
3.7926901907322693e+34,10000000000000.0,2.0,2,0.5858764535071338,8.728060792577995,0.09912236201652413,1.5518246201534587,0.040914740849195705,2850.5609640111775,0.1801353844061494,True,False
7.847599703514559e+34,10000000000000.0,2.0,2,1.0768121615497728,10.180935995632609,0.15618366352355698,1.3602398834528238,0.043336457659409286,310.87379990762366,0.2804710334295201,True,False
1.06558035900799e+35,10000000000000.0,2.0,2,1.289892872533317,10.569142369197852,0.18021762249140466,1.299232107638315,0.04127608258752399,144.75078703193313,0.33534341136375806,True,False
1.2099254744119544e+35,10000000000000.0,2.0,2,1.3765418578013913,10.695645735781687,0.19004908072580418,1.2783894309979955,0.040043162460955246,107.673354597898,0.3604525573802597,True,False
1.5599240300749914e+35,10000000000000.0,2.0,2,1.5432014380675787,10.889375532648971,0.20926808740512465,1.2471768167325266,0.03705913118728729,61.55863041566213,0.41475844986970695,True,False
1e+35,10000000000000.0,2.0,2,1.2460920070555774,10.498847449026352,0.17526364755672708,1.3104890936463056,0.041825968602205284,168.6147327348602,0.3232983989037686,True,False
1.135461501503597e+35,10000000000000.0,2.0,2,1.3335364826892804,10.635715267461286,0.18514908084265022,1.2878829652583115,0.040705340680829066,124.72466122247336,0.3477277090029113,True,False
1.8873918221350917e+35,10000000000000.0,2.0,2,1.6603110369178127,10.985819357786637,0.22317233754322327,1.2336658284645998,0.034519064459528945,41.568652470366686,0.4593811647672382,True,False
1.289272821396803e+35,10000000000000.0,2.0,2,1.4189882324791703,10.750218612995939,0.19491481896954183,1.2700014880964672,0.03932695043132974,93.19115992737271,0.37351855090774383,True,False
2.1430607522871213e+35,10000000000000.0,2.0,2,1.7338272891464457,11.029057246770456,0.2321404404822484,1.2296491723436547,0.03275027189501466,32.386918617098516,0.4908463153854946,True,False
2.283603445798044e+35,10000000000000.0,2.0,2,1.7689801573835493,11.043973888960812,0.23652712408700263,1.2294715564652454,0.03184752469127098,28.680034378194197,0.5070634959008583,True,False
1.3738237958832723e+35,10000000000000.0,2.0,2,1.4611837847709974,10.802438782946345,0.1997406188875764,1.2606989441217717,0.03863446412995974,81.01243348135068,0.3869255728496683,True,False
1.6622244079925e+35,10000000000000.0,2.0,2,1.582945360709684,10.92472191560027,0.21396310631798354,1.2425507986226312,0.03620589087138628,53.82617353431681,0.4292494257372128,True,False
2.011167655419456e+35,10000000000000.0,2.0,2,1.697588867940473,11.009722746524575,0.22768766179100883,1.230934920736939,0.03364548110687564,36.65540292966286,0.4749499059160184,True,False
2.433362979605363e+35,10000000000000.0,2.0,2,1.8030232917706321,11.054762351063825,0.2408436981848659,1.230629594818037,0.03093610920811578,25.45059833811281,0.5235935638492392,True,False
1.4639196536310168e+35,10000000000000.0,2.0,2,1.502600112118777,10.848707320802854,0.20452612257817288,1.2531380341454414,0.03787403727328751,70.55152700307764,0.4006727567748301,True,False
1.771233681420492e+35,10000000000000.0,2.0,2,1.622029364277472,10.957088705469026,0.21859835806561104,1.2379118916530765,0.03536278927817515,47.23030784530727,0.4441460155266007,True,False
4.832930238571732e+34,30000000000000.0,2.0,2,0.30324243927511235,6.461910684515519,0.06929667415330108,1.8024162354203996,0.024543018369571287,10239.405828432089,0.18744880832950725,True,False
2.976351441631313e+34,30000000000000.0,2.0,2,0.021481620989718283,2.7149046465019464,0.01168411519375327,1.9521166920167081,0.0067856196482601145,20773951.024719123,0.12148361081465313,True,False
3.7926901907322693e+34,30000000000000.0,2.0,2,0.1381390777901845,5.023790566540929,0.04060395962336623,1.8790458628722513,0.016915314635307842,102175.52669358159,0.16070759591047018,True,False
7.847599703514559e+34,30000000000000.0,2.0,2,0.7035544498796118,8.344536654029811,0.12450272258402811,1.6528329450608257,0.03254933560478055,725.3650502270905,0.2550357246891636,True,False
6.15848211066028e+34,30000000000000.0,2.0,2,0.4959667390054031,7.523788819651957,0.0973417873368554,1.726096668038849,0.029665215521639574,2262.8703268199556,0.21909106119513636,True,False
1e+35,30000000000000.0,2.0,2,0.9162869859300624,8.98578940069912,0.15057700109308542,1.5847642920264178,0.03357634812249827,289.16716873217257,0.29557332769010436,True,False
1.135461501503597e+35,30000000000000.0,2.0,2,1.0271159818674214,9.262693215385223,0.16374406496378763,1.5520627020391091,0.033501238151218075,189.73251394245986,0.3188971157327742,True,False
1.5599240300749914e+35,30000000000000.0,2.0,2,1.293609451396399,9.802012789486517,0.19488179723253815,1.4824985886221438,0.031915948289305995,75.69376597962184,0.383087922442962,True,False
1.771233681420492e+35,30000000000000.0,2.0,2,1.393772647311438,9.963275118429406,0.20657281867778857,1.4606761903737242,0.03086139696063989,54.69636238876396,0.4113469321740933,True,False
1.4639196536310168e+35,30000000000000.0,2.0,2,1.241864763583715,9.70991193323071,0.1888610390451115,1.49486321182904,0.03236476925236804,89.7985620890771,0.3695797231675445,True,False
1.06558035900799e+35,30000000000000.0,2.0,2,0.9718027706327617,9.128749300612998,0.15719915727769604,1.5683067504785797,0.03357836360284007,233.19390813620592,0.3070676212133672,True,False
1.2099254744119544e+35,30000000000000.0,2.0,2,1.0817147829022047,9.386891752399565,0.17016659788861171,1.5368008457356337,0.03332595760265217,155.71118061364072,0.331062996095616,True,False
1.289272821396803e+35,30000000000000.0,2.0,2,1.135875364652154,9.502903895789911,0.17650528114006228,1.5221550977083964,0.033072309162966794,128.7018349272015,0.3435657263004749,True,False
1.3738237958832723e+35,30000000000000.0,2.0,2,1.1893175760277086,9.610567434085851,0.18273938865510148,1.5080052083847433,0.03275524014288963,107.15900943280549,0.3564050050931445,True,False
2.011167655419456e+35,30000000000000.0,2.0,2,1.4895775603835213,10.098225916510016,0.2178218287100942,1.4424723780615776,0.029649331379030672,40.310357140627055,0.44103620924796627,True,False
2.283603445798044e+35,30000000000000.0,2.0,2,1.5800692259482287,10.207311512976265,0.22858519921981754,1.4286502889692247,0.028315949383156683,30.248186021209392,0.47201624390271224,True,False
2.5929437974046777e+35,30000000000000.0,2.0,2,1.664595650179784,10.29197072587032,0.2388325822058465,1.419736129749312,0.026900544365241613,23.078200318627335,0.5044595087582961,True,False
1.6622244079925e+35,30000000000000.0,2.0,2,1.3443332224953781,9.88657764164189,0.20079103166569187,1.470935840448526,0.03141679909637638,64.17252385412158,0.3970019744246079,True,False
1.8873918221350917e+35,30000000000000.0,2.0,2,1.4424497047977924,10.034713154598036,0.21226533604889625,1.4508274238850893,0.03027842181495606,46.84320351783123,0.426026835849184,True,False
2.433362979605363e+35,30000000000000.0,2.0,2,1.6232391121357888,10.252938407653975,0.23378546743259096,1.423454196809386,0.02761677177842152,26.36295550466125,0.4880195172844515,True,False
2.7629899825260174e+35,30000000000000.0,2.0,2,1.7033740048521007,10.32359864286035,0.24364767097943146,1.4179000064351532,0.026176793090727055,20.32421869986799,0.5210267024159729,True,False
2.1430607522871213e+35,30000000000000.0,2.0,2,1.53529128643043,10.154896908399675,0.22325368046861177,1.435334602396755,0.028987909559462656,34.8443608381049,0.4563685367826192,True,False
