p_c_cgs,rho0_gcm3,r_c_km,n,M_Msun,R_km,M_over_R,success,fail_reason,at_boundary
1e+33,0.0,2.0,2,0.38473141064926364,44.40058518246369,0.01279535418192395,True,,False
1.1919860873910918e+33,0.0,2.0,2,0.3837749833162389,42.57329762225619,0.013311369278185615,True,,False
1.4208308325339238e+33,0.0,2.0,2,0.3827276626808031,40.795202785384,0.013853647017616908,True,,False
2.018760254679043e+33,0.0,2.0,2,0.38034924429905465,37.449140908206786,0.014997679184165329,True,,False
1.6936105849167396e+33,0.0,2.0,2,0.3815866715225187,39.06036190265847,0.0144258128929749,True,,False
2.4063341373555167e+33,0.0,2.0,2,0.379012637155505,35.876631877911784,0.015600028333506004,True,,False
2.868316813342021e+33,0.0,2.0,2,0.3777958228605335,34.27286081081087,0.01627759188521587,True,,False
3.41899373573364e+33,0.0,2.0,2,0.37918517565989857,32.218379963016694,0.017379249261722806,True,,False
4.075392965871795e+33,0.0,2.0,2,0.3851287740621273,29.942792439575967,0.018993151321809797,True,,False
4.857811715970698e+33,0.0,2.0,2,0.3969254797636795,27.637475165415417,0.02120771966534021,True,,False
5.790443980602518e+33,0.0,2.0,2,0.41570776714092983,25.431503402627982,0.024137898980866535,True,,False
6.902128664695696e+33,0.0,2.0,2,0.4416701521811581,23.460200956528183,0.027800312894530315,True,,False
8.227241341700525e+33,0.0,2.0,2,0.4752371586724432,21.770363247821745,0.03223502980983389,True,,False
9.806757216915845e+33,0.0,2.0,2,0.5163807110713927,20.339349187161353,0.0374900759142649,True,,False
1.3933743020968605e+34,0.0,2.0,2,0.6207926833799737,18.30332648495223,0.05008410578897663,True,,False
1.979749169679625e+34,0.0,2.0,2,0.753677481110287,16.946645054974574,0.06567274463822527,True,,False
1.1689518164985872e+34,0.0,2.0,2,0.564981101911867,19.220171284411087,0.0434070257155615,True,,False
1.660882782627703e+34,0.0,2.0,2,0.6837607667920347,17.545123189334827,0.05754811689514623,True,,False
2.359833466782179e+34,0.0,2.0,2,0.8303756509013858,16.45724702379102,0.07450763509143588,True,,False
2.812888660964246e+34,0.0,2.0,2,0.913359367157686,16.060770572660065,0.08397667399590121,True,,False
3.3529241492495396e+34,0.0,2.0,2,1.0020611845703178,15.743351915451674,0.09398972898292103,True,,False
3.996638937983064e+34,0.0,2.0,2,1.0960102083790522,15.45980502575744,0.10468728765208318,True,,False
4.763938010401321e+34,0.0,2.0,2,1.1926330339342954,15.231162583183506,0.1156264365321962,True,,False
8.06825584030287e+34,0.0,2.0,2,1.4892028611422876,14.647919262478682,0.15012785703168713,True,,False
6.7687500094585135e+34,0.0,2.0,2,1.3900623138710158,14.795983880554852,0.13873108433422848,True,,False
1.3664483492953243e+35,0.0,2.0,2,1.7744975167781007,14.087329909516964,0.18600733543338813,True,,False
5.678547829591974e+34,0.0,2.0,2,1.2909081576569348,14.993097479518108,0.12714150314329048,True,,False
9.617248711152945e+34,0.0,2.0,2,1.5872345427034389,14.463165237221274,0.16205450904616744,True,,False
1.146362666267422e+35,0.0,2.0,2,1.6826595582958934,14.276284005067298,0.17404615719197775,True,,False
1.9414919457438817e+35,0.0,2.0,2,1.942869168813405,13.703541841428121,0.2093601820922447,True,,False
1.6287874214985499e+35,0.0,2.0,2,1.86162047198903,13.897620536255378,0.19780353910384327,True,,False
2.3142313881085676e+35,0.0,2.0,2,2.0173150972811045,13.505397120063883,0.2205716747857534,True,,False
2.758531617629187e+35,0.0,2.0,2,2.0841738074659424,13.304665655934665,0.2313200776268972,True,,False
3.288131309842434e+35,0.0,2.0,2,2.13589855547339,13.103078924380615,0.24070805634247153,True,,False
1.1919860873910918e+33,0.0,5.0,2,0.3837749818501775,42.5647895745897,0.013314029965588715,True,,False
1e+33,0.0,5.0,2,0.38473140942057843,44.418411602673245,0.012790218987609042,True,,False
2.4063341373555167e+33,0.0,5.0,2,0.3790126342642527,35.86654856029999,0.01560441391777126,True,,False
3.41899373573364e+33,0.0,5.0,2,0.379167133168265,32.234092719992134,0.01736995107166005,True,,False
2.018760254679043e+33,0.0,5.0,2,0.38034924184859226,37.451884876675095,0.014996580260107476,True,,False
1.6936105849167396e+33,0.0,5.0,2,0.3815866694520155,39.07228009384885,0.014421412518766599,True,,False
6.902128664695696e+33,0.0,5.0,2,0.441676552290172,23.451067937144018,0.02781154273038502,True,,False
9.806757216915845e+33,0.0,5.0,2,0.5164379021356333,20.349029657502175,0.03747639126878115,True,,False
2.868316813342021e+33,0.0,5.0,2,0.37779577794854263,34.273681555399044,0.016277200154155336,True,,False
8.227241341700525e+33,0.0,5.0,2,0.4753270864514839,21.7731317682203,0.0322370299946754,True,,False
1.3933743020968605e+34,0.0,5.0,2,0.620797358034861,18.290490225317978,0.050119632201808664,True,,False
1.4208308325339238e+33,0.0,5.0,2,0.3827276609361516,40.79520947420569,0.013853644683008261,True,,False
1.979749169679625e+34,0.0,5.0,2,0.7538316267631103,16.93776853345506,0.06572060027770661,True,,False
5.790443980602518e+33,0.0,5.0,2,0.41564262058892987,25.415879389705815,0.024148952342525586,True,,False
4.857811715970698e+33,0.0,5.0,2,0.3969875033361038,27.63838724506871,0.02121033360946396,True,,False
4.075392965871795e+33,0.0,5.0,2,0.38508784483825653,29.971932110875663,0.018972669054315015,True,,False
1.1689518164985872e+34,0.0,5.0,2,0.5648994680354789,19.22319179298644,0.04339393436386827,True,,False
2.359833466782179e+34,0.0,5.0,2,0.8303211817030779,16.448651440792474,0.07454168065129428,True,,False
1.660882782627703e+34,0.0,5.0,2,0.6837430692561803,17.529577167169858,0.05759766235067659,True,,False
2.812888660964246e+34,0.0,5.0,2,0.9133806613879908,16.055943311090264,0.08400388024016613,True,,False
3.996638937983064e+34,0.0,5.0,2,1.0960115680902247,15.45877200880623,0.104694413159008,True,,False
4.763938010401321e+34,0.0,5.0,2,1.192679627923516,15.235501813341708,0.11559802094115604,True,,False
3.3529241492495396e+34,0.0,5.0,2,1.002074913208792,15.741134415654118,0.09400425747008638,True,,False
6.7687500094585135e+34,0.0,5.0,2,1.3901383690594349,14.80048284098021,0.13869650186336577,True,,False
8.06825584030287e+34,0.0,5.0,2,1.4892249399679787,14.645297823470335,0.1501569553920285,True,,False
5.678547829591974e+34,0.0,5.0,2,1.2909298650584027,14.995158316970086,0.12712616730590226,True,,False
9.617248711152945e+34,0.0,5.0,2,1.5872182881739783,14.468209313764751,0.16199635271869153,True,,False
1.146362666267422e+35,0.0,5.0,2,1.6826149675251496,14.282021183990212,0.17397163134086735,True,,False
1.3664483492953243e+35,0.0,5.0,2,1.774520022993746,14.096095379823968,0.18589402692588408,True,,False
1.6287874214985499e+35,0.0,5.0,2,1.8616079990230192,13.907051420334192,0.1976680768378609,True,,False
3.288131309842434e+35,0.0,5.0,2,2.13589789656329,13.117612840596305,0.24044128495971911,True,,False
2.3142313881085676e+35,0.0,5.0,2,2.0173193624945074,13.51846601568942,0.22035890435151706,True,,False
1.9414919457438817e+35,0.0,5.0,2,1.9428673592147248,13.71462347775006,0.20919082085666038,True,,False
2.758531617629187e+35,0.0,5.0,2,2.0841794286249415,13.318371606874804,0.23108264912335041,True,,False
1e+33,0.0,10.0,2,0.3847314088242449,44.42222376271727,0.012789121355877973,True,,False
1.1919860873910918e+33,0.0,10.0,2,0.3837749811631034,42.563065020730306,0.013314569394484835,True,,False
1.6936105849167396e+33,0.0,10.0,2,0.3815866685181016,39.068275332554855,0.014422890775359343,True,,False
1.4208308325339238e+33,0.0,10.0,2,0.38272766013876197,40.77427285454294,0.013860758171291045,True,,False
2.4063341373555167e+33,0.0,10.0,2,0.3790126329395208,35.897078049197624,0.015591142733498405,True,,False
2.018760254679043e+33,0.0,10.0,2,0.3803492407428777,37.44394312528469,0.014999760947540913,True,,False
3.41899373573364e+33,0.0,10.0,2,0.3791712808150429,32.22437824922934,0.017375377540551722,True,,False
4.857811715970698e+33,0.0,10.0,2,0.39695335007761196,27.64000835484526,0.021207264964919637,True,,False
2.868316813342021e+33,0.0,10.0,2,0.3777966794592735,34.280549441713,0.01627397795590021,True,,False
8.227241341700525e+33,0.0,10.0,2,0.47534665410106225,21.760811264722953,0.032256609751637,True,,False
6.902128664695696e+33,0.0,10.0,2,0.44174030432068057,23.4568507765716,0.027808699680596093,True,,False
4.075392965871795e+33,0.0,10.0,2,0.38508240284740003,29.94864414007185,0.01898715381489455,True,,False
5.790443980602518e+33,0.0,10.0,2,0.4156549682961871,25.43597569965855,0.024130589715050093,True,,False
9.806757216915845e+33,0.0,10.0,2,0.5163958757767946,20.34918369856056,0.03747305786954991,True,,False
1.1689518164985872e+34,0.0,10.0,2,0.5648905164396275,19.2072624792168,0.043429234399291576,True,,False
1.3933743020968605e+34,0.0,10.0,2,0.6208546989070242,18.3049698811904,0.05008461212240321,True,,False
2.359833466782179e+34,0.0,10.0,2,0.8304469998063633,16.45357192742996,0.07453068063472196,True,,False
2.812888660964246e+34,0.0,10.0,2,0.9133154594314673,16.06250009194662,0.08396359530425275,True,,False
1.660882782627703e+34,0.0,10.0,2,0.6838391057271115,17.561552037753717,0.057500867736505604,True,,False
3.3529241492495396e+34,0.0,10.0,2,1.0021380569348304,15.750139570383297,0.09395643056328765,True,,False
1.979749169679625e+34,0.0,10.0,2,0.7537393280643578,16.934024025814804,0.06572708406435562,True,,False
3.996638937983064e+34,0.0,10.0,2,1.0960536606182483,15.4719722052171,0.10460910858122294,True,,False
4.763938010401321e+34,0.0,10.0,2,1.1926471251047392,15.215575734674747,0.1157462518967891,True,,False
6.7687500094585135e+34,0.0,10.0,2,1.390052350172657,14.821542954020646,0.13849085623659316,True,,False
8.06825584030287e+34,0.0,10.0,2,1.4892635262656364,14.636788240087153,0.15024814700639225,True,,False
1.146362666267422e+35,0.0,10.0,2,1.6826904691002427,14.269275270187405,0.1741348434354322,True,,False
1.9414919457438817e+35,0.0,10.0,2,1.9428614382373701,13.70654985618016,0.20931340343311636,True,,False
2.3142313881085676e+35,0.0,10.0,2,2.017292517152484,13.511769576151334,0.2204651804664748,True,,False
5.678547829591974e+34,0.0,10.0,2,1.29091954539351,15.015416948972579,0.1269536352352638,True,,False
1.3664483492953243e+35,0.0,10.0,2,1.7745822074593227,14.084601583852214,0.18605224609311835,True,,False
9.617248711152945e+34,0.0,10.0,2,1.5871601769280461,14.452459092438673,0.16216695809996196,True,,False
1.6287874214985499e+35,0.0,10.0,2,1.8616230533187765,13.896753969723777,0.19781614792591792,True,,False
3.288131309842434e+35,0.0,10.0,2,2.1359275953946337,13.11680481258096,0.24045944019354318,True,,False
2.758531617629187e+35,0.0,10.0,2,2.0841800585232346,13.315182670258805,0.23113806241290868,True,,False
1.1919860873910918e+33,0.0,20.0,2,0.3837749820422614,42.56825323533294,0.013312946646547488,True,,False
1e+33,0.0,20.0,2,0.3847314096426214,44.42910039069553,0.012787141914014692,True,,False
1.6936105849167396e+33,0.0,20.0,2,0.38158666945689984,39.07688110309653,0.014419714505944752,True,,False
1.4208308325339238e+33,0.0,20.0,2,0.382727661059512,40.782356884157196,0.013858010673881633,True,,False
2.4063341373555167e+33,0.0,20.0,2,0.37901263383253764,35.89984587191566,0.015589940717185547,True,,False
3.41899373573364e+33,0.0,20.0,2,0.3791671270184124,32.23489546947829,0.017369518223952773,True,,False
4.075392965871795e+33,0.0,20.0,2,0.38508871222273366,29.97148778848935,0.018972993056314027,True,,False
2.868316813342021e+33,0.0,20.0,2,0.3777970593419775,34.281974417098944,0.01627331786974333,True,,False
2.018760254679043e+33,0.0,20.0,2,0.3803492416729584,37.45060927064215,0.01499709105203511,True,,False
6.902128664695696e+33,0.0,20.0,2,0.44168206697520124,23.435642265633003,0.02783019615945075,True,,False
8.227241341700525e+33,0.0,20.0,2,0.47527169280242104,21.775503193369772,0.03222976284567244,True,,False
4.857811715970698e+33,0.0,20.0,2,0.39695366648909636,27.638961678327714,0.021208084980582773,True,,False
9.806757216915845e+33,0.0,20.0,2,0.51647167303741,20.340519704741734,0.03749452211262266,True,,False
1.3933743020968605e+34,0.0,20.0,2,0.6207738647491619,18.280627167537197,0.050144775814290374,True,,False
1.1689518164985872e+34,0.0,20.0,2,0.5649276218481472,19.207738782371568,0.04343101008726648,True,,False
5.790443980602518e+33,0.0,20.0,2,0.41564274543156254,25.412336067707823,0.02415232676135773,True,,False
1.660882782627703e+34,0.0,20.0,2,0.6838243294845767,17.524939433222762,0.05761975185071688,True,,False
1.979749169679625e+34,0.0,20.0,2,0.7537809402851987,16.915392403165594,0.06580311243560236,True,,False
3.3529241492495396e+34,0.0,20.0,2,1.0020696558053621,15.718020045928036,0.09414200291820037,True,,False
2.812888660964246e+34,0.0,20.0,2,0.9133502640834178,16.053656853982808,0.08401304852450255,True,,False
4.763938010401321e+34,0.0,20.0,2,1.1926841414956373,15.229647140541823,0.11564289746638132,True,,False
2.359833466782179e+34,0.0,20.0,2,0.830418114661365,16.431349252701065,0.07462888421071029,True,,False
3.996638937983064e+34,0.0,20.0,2,1.0960482369137452,15.462760064581984,0.10467091286428237,True,,False
5.678547829591974e+34,0.0,20.0,2,1.290847555018805,15.018051018852326,0.12692428983281992,True,,False
6.7687500094585135e+34,0.0,20.0,2,1.3901351823932129,14.81821297605483,0.13853023259933092,True,,False
8.06825584030287e+34,0.0,20.0,2,1.48923401371511,14.621382926552549,0.1504034701748755,True,,False
9.617248711152945e+34,0.0,20.0,2,1.5872033724474897,14.460711641497342,0.16207882237783008,True,,False
1.146362666267422e+35,0.0,20.0,2,1.6827060414320196,14.283379090391495,0.17396450759841983,True,,False
1.3664483492953243e+35,0.0,20.0,2,1.774530145520582,14.092550508652188,0.18594184779444986,True,,False
1.6287874214985499e+35,0.0,20.0,2,1.8615872066487564,13.899312515346487,0.19777592612862377,True,,False
1.9414919457438817e+35,0.0,20.0,2,1.942840890844948,13.705085914740721,0.20933354784193026,True,,False
2.3142313881085676e+35,0.0,20.0,2,2.017335383617282,13.509323872243868,0.2205097787134599,True,,False
3.288131309842434e+35,0.0,20.0,2,2.13592642691968,13.111434026595687,0.2405578070645699,True,,False
2.758531617629187e+35,0.0,20.0,2,2.0841498940301104,13.309498340761913,0.2312334320414843,True,,False
2.018760254679043e+33,100000000000.0,2.0,2,0.2684936254215481,14.157521033986036,0.028004648408709296,True,,False
2.4063341373555167e+33,100000000000.0,2.0,2,0.2772081026944622,14.01341830335015,0.029210917314866462,True,,False
1.6936105849167396e+33,100000000000.0,2.0,2,0.2588856065011345,14.277988773000194,0.026774676366740528,True,,False
1.1919860873910918e+33,100000000000.0,2.0,2,0.23689617151748574,14.435495548338206,0.02423314081808579,True,,False
2.868316813342021e+33,100000000000.0,2.0,2,0.2859349600387844,13.843194364221892,0.03050101573285709,True,,False
1.4208308325339238e+33,100000000000.0,2.0,2,0.24836195784833776,14.371981552230125,0.025518302693858942,True,,False
1e+33,100000000000.0,2.0,2,0.22446909640174345,14.464045384243734,0.02291659784137554,True,,False
3.41899373573364e+33,100000000000.0,2.0,2,0.29865397861542986,13.654739736488954,0.03229745032411375,True,,False
4.075392965871795e+33,100000000000.0,2.0,2,0.31603235439418625,13.475858164792186,0.03463047721436375,True,,False
6.902128664695696e+33,100000000000.0,2.0,2,0.4008784250593562,13.097098068790892,0.04519818183884308,True,,False
5.790443980602518e+33,100000000000.0,2.0,2,0.3668387355576499,13.192585130641751,0.041060916941656415,True,,False
1.1689518164985872e+34,100000000000.0,2.0,2,0.540789837210434,12.995994077135395,0.06144723959458572,True,,False
8.227241341700525e+33,100000000000.0,2.0,2,0.44113568490995697,13.034891553262637,0.04997446222533108,True,,False
9.806757216915845e+33,100000000000.0,2.0,2,0.48774120352467815,13.002423938622366,0.05539218346616796,True,,False
4.857811715970698e+33,100000000000.0,2.0,2,0.3385467054844924,13.318215788326675,0.037536684112473385,True,,False
1.979749169679625e+34,100000000000.0,2.0,2,0.7386055152413962,13.076855703325586,0.08340509391028425,True,,False
3.3529241492495396e+34,100000000000.0,2.0,2,0.9924256018871245,13.226328726872701,0.11080057339984484,True,,False
1.3933743020968605e+34,100000000000.0,2.0,2,0.6002361382077888,13.00801681557789,0.06813878897303866,True,,False
1.660882782627703e+34,100000000000.0,2.0,2,0.6662003950976595,13.036947971722544,0.07545922049616297,True,,False
2.812888660964246e+34,100000000000.0,2.0,2,0.9021386033098329,13.176749504561181,0.10109934412563104,True,,False
3.996638937983064e+34,100000000000.0,2.0,2,1.087608680119584,13.271946615400072,0.12101003870629719,True,,False
4.763938010401321e+34,100000000000.0,2.0,2,1.185348075599127,13.305437305808175,0.13155280328877,True,,False
5.678547829591974e+34,100000000000.0,2.0,2,1.284596803738827,13.331012076405573,0.1422941599938167,True,,False
2.359833466782179e+34,100000000000.0,2.0,2,0.8173840558604286,13.124677077173223,0.0919646444728408,True,,False
6.7687500094585135e+34,100000000000.0,2.0,2,1.384603419488333,13.336013986104906,0.15331431909039664,True,,False
9.617248711152945e+34,100000000000.0,2.0,2,1.5831724512008514,13.299961919396573,0.17577665173296092,True,,False
8.06825584030287e+34,100000000000.0,2.0,2,1.484487429783922,13.32660099796711,0.16449037489877869,True,,False
1.3664483492953243e+35,100000000000.0,2.0,2,1.7715100715123442,13.189526220529908,0.19833428329601213,True,,False
1.146362666267422e+35,100000000000.0,2.0,2,1.6791733455473965,13.255664739888015,0.18705847153026356,True,,False
1.9414919457438817e+35,100000000000.0,2.0,2,1.9406900994304388,13.006473646554186,0.22033322231632155,True,,False
1.6287874214985499e+35,100000000000.0,2.0,2,1.8590641456551884,13.106766959702014,0.20945086503913893,True,,False
2.3142313881085676e+35,100000000000.0,2.0,2,2.0154434310052025,12.890387966887708,0.23088088862824163,True,,False
2.758531617629187e+35,100000000000.0,2.0,2,2.082602189012407,12.758618585181456,0.24103828407930875,True,,False
1.4208308325339238e+33,100000000000.0,5.0,2,0.24796179267791446,14.351887670359826,0.025512857415822675,True,,False
1e+33,100000000000.0,5.0,2,0.224083956779649,14.444908923194337,0.022907585570998555,True,,False
1.6936105849167396e+33,100000000000.0,5.0,2,0.2584804151980941,14.257375514138424,0.02677142048129819,True,,False
1.1919860873910918e+33,100000000000.0,5.0,2,0.23649870564029996,14.415631928012834,0.02422581766318799,True,,False
2.018760254679043e+33,100000000000.0,5.0,2,0.26808058889089664,14.136034439608766,0.02800406875498097,True,,False
2.868316813342021e+33,100000000000.0,5.0,2,0.2855148460366488,13.820349199789835,0.03050654606388741,True,,False
2.4063341373555167e+33,100000000000.0,5.0,2,0.2767971496463638,13.991685130885035,0.029212918788816274,True,,False
4.857811715970698e+33,100000000000.0,5.0,2,0.33824340081241133,13.297201214190764,0.037562323839901365,True,,False
4.075392965871795e+33,100000000000.0,5.0,2,0.31559069304734527,13.452635951992857,0.03464177673864847,True,,False
5.790443980602518e+33,100000000000.0,5.0,2,0.3664149468913019,13.1701692935116,0.04108328711329304,True,,False
6.902128664695696e+33,100000000000.0,5.0,2,0.40064916468796735,13.07794130637448,0.04523850232790189,True,,False
8.227241341700525e+33,100000000000.0,5.0,2,0.4408934671444077,13.016036959925604,0.05001937393934041,True,,False
9.806757216915845e+33,100000000000.0,5.0,2,0.48748019012471644,12.984077993306341,0.055440765382608524,True,,False
3.41899373573364e+33,100000000000.0,5.0,2,0.2982181838756364,13.63139446678525,0.03230555424958249,True,,False
1.3933743020968605e+34,100000000000.0,5.0,2,0.5999446750149687,12.99044454558776,0.06819782916454666,True,,False
1.660882782627703e+34,100000000000.0,5.0,2,0.6658911276785289,13.018820164006792,0.0755292133529504,True,,False
1.1689518164985872e+34,100000000000.0,5.0,2,0.5405069533200113,12.977575135822129,0.06150226274223947,True,,False
1.979749169679625e+34,100000000000.0,5.0,2,0.7384635618538972,13.061658279323558,0.0834860885503675,True,,False
2.359833466782179e+34,100000000000.0,5.0,2,0.8170536389371547,13.107359967514135,0.09204892118301201,True,,False
3.3529241492495396e+34,100000000000.0,5.0,2,0.992097248741804,13.209382282108148,0.11090601411081873,True,,False
4.763938010401321e+34,100000000000.0,5.0,2,1.1851375459921316,13.292982713703411,0.1316526720574336,True,,False
6.7687500094585135e+34,100000000000.0,5.0,2,1.384429007619511,13.321521477549746,0.1534617767485861,True,,False
9.617248711152945e+34,100000000000.0,5.0,2,1.5829240566305665,13.286912619236649,0.17592167907011844,True,,False
8.06825584030287e+34,100000000000.0,5.0,2,1.4842697815455728,13.311572113589508,0.1646519420112394,True,,False
5.678547829591974e+34,100000000000.0,5.0,2,1.284340845895582,13.315401402108822,0.14243259687161142,True,,False
2.812888660964246e+34,100000000000.0,5.0,2,0.9018800436668689,13.159821910810047,0.10120037599724652,True,,False
1.3664483492953243e+35,100000000000.0,5.0,2,1.7713120763337507,13.175575783546742,0.1985220911369881,True,,False
3.996638937983064e+34,100000000000.0,5.0,2,1.0873405364906676,13.254833146864488,0.12113640332376668,True,,False
1.6287874214985499e+35,100000000000.0,5.0,2,1.8588441166933027,13.09423570828103,0.2096264973862432,True,,False
2.758531617629187e+35,100000000000.0,5.0,2,2.0824187756156243,12.739799373452351,0.2413730860156593,True,,False
1.9414919457438817e+35,100000000000.0,5.0,2,1.940488391309944,12.994074820425531,0.22052053977289568,True,,False
1.146362666267422e+35,100000000000.0,5.0,2,1.6788961114907308,13.236465216706561,0.1872988718395256,True,,False
2.3142313881085676e+35,100000000000.0,5.0,2,2.0152713691722037,12.87480302630558,0.23114063523797343,True,,False
1e+33,100000000000.0,10.0,2,0.2236671669310101,14.420949618483219,0.022902966519140935,True,,False
1.1919860873910918e+33,100000000000.0,10.0,2,0.23607656227059456,14.391393662220672,0.024223304042018914,True,,False
2.018760254679043e+33,100000000000.0,10.0,2,0.26765142326225183,14.110592967690781,0.028009648169874897,True,,False
1.4208308325339238e+33,100000000000.0,10.0,2,0.24753341186539632,14.327137607936228,0.025512778394565894,True,,False
2.4063341373555167e+33,100000000000.0,10.0,2,0.2763699877717888,13.965850680700198,0.029221792054375716,True,,False
1.6936105849167396e+33,100000000000.0,10.0,2,0.2580501324056078,14.23224637019792,0.026774045317852928,True,,False
2.868316813342021e+33,100000000000.0,10.0,2,0.2850963785479394,13.794297100433827,0.030519364499688645,True,,False
4.857811715970698e+33,100000000000.0,10.0,2,0.3378273512888297,13.271240529144988,0.03758950863370877,True,,False
5.790443980602518e+33,100000000000.0,10.0,2,0.36606185201223673,13.145044131655276,0.04112214736566044,True,,False
3.41899373573364e+33,100000000000.0,10.0,2,0.29781598353775623,13.605442328596352,0.0323235236146041,True,,False
6.902128664695696e+33,100000000000.0,10.0,2,0.4002547848273053,13.052614088461098,0.04528166583643144,True,,False
4.075392965871795e+33,100000000000.0,10.0,2,0.3152120823677414,13.426652197278978,0.034667177002939704,True,,False
8.227241341700525e+33,100000000000.0,10.0,2,0.4405776042953337,12.992732688379782,0.05007319171531211,True,,False
9.806757216915845e+33,100000000000.0,10.0,2,0.4871126955849074,12.95992536520128,0.05550221420404449,True,,False
1.3933743020968605e+34,100000000000.0,10.0,2,0.599688000550994,12.969128099096382,0.06828069610568477,True,,False
1.660882782627703e+34,100000000000.0,10.0,2,0.6656798382764534,12.999240540409282,0.07561897466695626,True,,False
2.812888660964246e+34,100000000000.0,10.0,2,0.9015222501784304,13.13754100881488,0.10133179274093425,True,,False
1.979749169679625e+34,100000000000.0,10.0,2,0.7380744718596299,13.038613643524288,0.08358957724481166,True,,False
2.359833466782179e+34,100000000000.0,10.0,2,0.8168789488193803,13.089172075293925,0.09215711872576536,True,,False
3.3529241492495396e+34,100000000000.0,10.0,2,0.9918696683217129,13.190845308681656,0.11103639246698496,True,,False
1.1689518164985872e+34,100000000000.0,10.0,2,0.5401957299314557,12.954673509518294,0.06157551257693773,True,,False
4.763938010401321e+34,100000000000.0,10.0,2,1.1848231726955711,13.272404575477857,0.13182181558767292,True,,False
6.7687500094585135e+34,100000000000.0,10.0,2,1.384072552729263,13.301241001062817,0.15365618806871298,True,,False
3.996638937983064e+34,100000000000.0,10.0,2,1.0870929635963973,13.235227591626993,0.12128822262898335,True,,False
5.678547829591974e+34,100000000000.0,10.0,2,1.2840761801593659,13.296647509579772,0.1426040943668857,True,,False
8.06825584030287e+34,100000000000.0,10.0,2,1.4840401668489474,13.294259359151615,0.1648408591602727,True,,False
9.617248711152945e+34,100000000000.0,10.0,2,1.5826036821194953,13.266134060247696,0.176161561438355,True,,False
1.3664483492953243e+35,100000000000.0,10.0,2,1.7711258901202316,13.156747384627726,0.19878529582478333,True,,False
1.146362666267422e+35,100000000000.0,10.0,2,1.6787191037906817,13.220318743920279,0.18750785577439374,True,,False
1.6287874214985499e+35,100000000000.0,10.0,2,1.8586205024225013,13.074498899375245,0.2099176866496809,True,,False
2.3142313881085676e+35,100000000000.0,10.0,2,2.0150235939313585,12.851578367630914,0.23152986993178365,True,,False
2.758531617629187e+35,100000000000.0,10.0,2,2.0822131125799577,12.723408530020858,0.24166016412696148,True,,False
1.9414919457438817e+35,100000000000.0,10.0,2,1.9402521919282707,12.973798144696294,0.22083830600932647,True,,False
1.1919860873910918e+33,100000000000.0,20.0,2,0.2357637814673179,14.370624064320532,0.024226173392190853,True,,False
1e+33,100000000000.0,20.0,2,0.22335489822333307,14.400169602491301,0.022903994720533966,True,,False
1.6936105849167396e+33,100000000000.0,20.0,2,0.25773220817895287,14.210862596710562,0.026781297590554132,True,,False
2.4063341373555167e+33,100000000000.0,20.0,2,0.2760656244442108,13.944769140370635,0.029233738920266643,True,,False
2.018760254679043e+33,100000000000.0,20.0,2,0.2673416589664166,14.08950385428727,0.028019107629980874,True,,False
1.4208308325339238e+33,100000000000.0,20.0,2,0.24721528119384592,14.30593496384356,0.025517752864240777,True,,False
3.41899373573364e+33,100000000000.0,20.0,2,0.29752698825462237,13.58488411174094,0.0323410256728174,True,,False
2.868316813342021e+33,100000000000.0,20.0,2,0.28480384336052306,13.773554570123236,0.030533962837202215,True,,False
4.857811715970698e+33,100000000000.0,20.0,2,0.3375663870332539,13.251239323315863,0.0376171647256112,True,,False
5.790443980602518e+33,100000000000.0,20.0,2,0.3658452638851524,13.125957725451121,0.04115757677169938,True,,False
4.075392965871795e+33,100000000000.0,20.0,2,0.31492289301363585,13.406270962845712,0.03468802714898211,True,,False
6.902128664695696e+33,100000000000.0,20.0,2,0.3999574716014769,13.032650293848363,0.04531734242075415,True,,False
8.227241341700525e+33,100000000000.0,20.0,2,0.44027473879065615,12.973049523880555,0.05011469055930603,True,,False
1.1689518164985872e+34,100000000000.0,20.0,2,0.5398929723209951,12.935482969024514,0.06163230167265184,True,,False
9.806757216915845e+33,100000000000.0,20.0,2,0.48695929384156184,12.942817336201621,0.05555807605903457,True,,False
1.3933743020968605e+34,100000000000.0,20.0,2,0.5994577742367586,12.95126939276366,0.06834859961791707,True,,False
1.660882782627703e+34,100000000000.0,20.0,2,0.6654528197591901,12.981812729907922,0.07569466839459668,True,,False
1.979749169679625e+34,100000000000.0,20.0,2,0.737903940113525,13.022668624543307,0.08367258775257434,True,,False
2.812888660964246e+34,100000000000.0,20.0,2,0.9013476015605834,13.121967557135054,0.10143240169699037,True,,False
2.359833466782179e+34,100000000000.0,20.0,2,0.8166410280129195,13.071856584805564,0.09225231677669947,True,,False
4.763938010401321e+34,100000000000.0,20.0,2,1.1846531009486605,13.257071961897703,0.13195533173444826,True,,False
3.3529241492495396e+34,100000000000.0,20.0,2,0.9915954655843845,13.17303356426707,0.11115579131040662,True,,False
5.678547829591974e+34,100000000000.0,20.0,2,1.2838029929672512,13.278835508009305,0.1427650013308251,True,,False
6.7687500094585135e+34,100000000000.0,20.0,2,1.3839522681341363,13.287997766867678,0.15379595963556522,True,,False
8.06825584030287e+34,100000000000.0,20.0,2,1.4838143713531835,13.277546435281751,0.16502323829007848,True,,False
9.617248711152945e+34,100000000000.0,20.0,2,1.5824525232724298,13.251324323272877,0.17634159587444473,True,,False
3.996638937983064e+34,100000000000.0,20.0,2,1.0868814847706183,13.21923665396251,0.1214113180903756,True,,False
1.146362666267422e+35,100000000000.0,20.0,2,1.6785468817934128,13.205710636193189,0.18769601830663352,True,,False
2.758531617629187e+35,100000000000.0,20.0,2,2.082030350830398,12.708083146455383,0.2419303587685856,True,,False
1.9414919457438817e+35,100000000000.0,20.0,2,1.9400629574778157,12.957217126649395,0.2210993410083422,True,,False
1.6287874214985499e+35,100000000000.0,20.0,2,1.8584093582063295,13.05772301677624,0.21016350011946489,True,,False
2.3142313881085676e+35,100000000000.0,20.0,2,2.014905269396705,12.839592050339677,0.23173240473344844,True,,False
1.3664483492953243e+35,100000000000.0,20.0,2,1.7708908047810057,13.140047931776119,0.19901150978499194,True,,False
1e+33,300000000000.0,2.0,2,0.12442315105719198,10.192749977745732,0.018025743438245843,True,,False
1.1919860873910918e+33,300000000000.0,2.0,2,0.14210044645806832,10.45779633291131,0.020064975037483272,True,,False
2.4063341373555167e+33,300000000000.0,2.0,2,0.20387446530109626,10.92702706510205,0.027551432049369214,True,,False
2.018760254679043e+33,300000000000.0,2.0,2,0.18989667368068033,10.880701642041391,0.0257717444772907,True,,False
1.4208308325339238e+33,300000000000.0,2.0,2,0.15896029930825079,10.653799334029266,0.022032689813890283,True,,False
1.6936105849167396e+33,300000000000.0,2.0,2,0.1749134688749745,10.791929120465499,0.023933572502008303,True,,False
3.41899373573364e+33,300000000000.0,2.0,2,0.23675990040255143,10.972956431016195,0.03186162008155954,True,,False
4.075392965871795e+33,300000000000.0,2.0,2,0.26014241818838885,11.023179722691891,0.03484878537362092,True,,False
6.902128664695696e+33,300000000000.0,2.0,2,0.3606968962939164,11.301207428550082,0.047130377685262355,True,,False
2.868316813342021e+33,300000000000.0,2.0,2,0.2180112819805627,10.943508282727757,0.02941749977127058,True,,False
5.790443980602518e+33,300000000000.0,2.0,2,0.3219143302770085,11.190387845304166,0.042479415476994645,True,,False
4.857811715970698e+33,300000000000.0,2.0,2,0.28837447142564165,11.095306477824597,0.038379637594789975,True,,False
8.227241341700525e+33,300000000000.0,2.0,2,0.405176539607475,11.427640969457398,0.05235655522913903,True,,False
1.3933743020968605e+34,300000000000.0,2.0,2,0.5743803604037826,11.864097018586646,0.07149048663411643,True,,False
2.812888660964246e+34,300000000000.0,2.0,2,0.8855384078786827,12.445356699621337,0.10507113285071569,True,,False
1.660882782627703e+34,300000000000.0,2.0,2,0.6430146042140671,12.014004090121352,0.0790344476173043,True,,False
1.979749169679625e+34,300000000000.0,2.0,2,0.7180063749693975,12.166311675415729,0.08714705657496404,True,,False
1.1689518164985872e+34,300000000000.0,2.0,2,0.5119368592811863,11.713974581440084,0.06453502511616709,True,,False
9.806757216915845e+33,300000000000.0,2.0,2,0.45564954955982234,11.56907205763371,0.05815884594858763,True,,False
3.3529241492495396e+34,300000000000.0,2.0,2,0.9776411262253699,12.572750431805986,0.11482396215809001,True,,False
2.359833466782179e+34,300000000000.0,2.0,2,0.7987988557003451,12.307597939895352,0.09584015217309926,True,,False
4.763938010401321e+34,300000000000.0,2.0,2,1.1737106999292597,12.78125274408901,0.13560353208950765,True,,False
5.678547829591974e+34,300000000000.0,2.0,2,1.274310072918635,12.859396429408443,0.1463315227885951,True,,False
3.996638937983064e+34,300000000000.0,2.0,2,1.074472222710468,12.68566301257879,0.12507352304413305,True,,False
6.7687500094585135e+34,300000000000.0,2.0,2,1.3755375209950385,12.909901402770917,0.15733772883011152,True,,False
8.06825584030287e+34,300000000000.0,2.0,2,1.4765473932738493,12.945267138681901,0.1684301111490182,True,,False
1.146362666267422e+35,300000000000.0,2.0,2,1.673142829332428,12.944755649137921,0.19086334047639364,True,,False
9.617248711152945e+34,300000000000.0,2.0,2,1.5761957255136545,12.957377444882546,0.17962897699809763,True,,False
1.9414919457438817e+35,300000000000.0,2.0,2,1.9368226218252755,12.781170824533449,0.22377036515836612,True,,False
2.3142313881085676e+35,300000000000.0,2.0,2,2.0121243576236663,12.684011127448294,0.23425106014478378,True,,False
2.758531617629187e+35,300000000000.0,2.0,2,2.0797641265342417,12.570838522004678,0.24430547292258079,True,,False
1.3664483492953243e+35,300000000000.0,2.0,2,1.7662816711345757,12.908041404683209,0.202061221204793,True,,False
1.6287874214985499e+35,300000000000.0,2.0,2,1.8545652331097253,12.85730919779576,0.2129979319659665,True,,False
1e+33,300000000000.0,5.0,2,0.12397975252716785,10.171031332189559,0.017999860277618813,True,,False
1.4208308325339238e+33,300000000000.0,5.0,2,0.1584498398950396,10.631518284677314,0.022007964418339684,True,,False
1.6936105849167396e+33,300000000000.0,5.0,2,0.174374898778445,10.769233657171114,0.023910162607688537,True,,False
2.018760254679043e+33,300000000000.0,5.0,2,0.1893360196426859,10.857623620047773,0.025750272012655746,True,,False
1.1919860873910918e+33,300000000000.0,5.0,2,0.1416208688615866,10.435809877767317,0.020039388137115807,True,,False
2.4063341373555167e+33,300000000000.0,5.0,2,0.20329398063061324,10.90345436861893,0.02753238097008607,True,,False
4.075392965871795e+33,300000000000.0,5.0,2,0.2594879559905886,10.998620841171483,0.034838731631256795,True,,False
4.857811715970698e+33,300000000000.0,5.0,2,0.2878330617924064,11.072772037598405,0.03838554220957195,True,,False
2.868316813342021e+33,300000000000.0,5.0,2,0.21742065312674422,10.91969059674852,0.02940179356112501,True,,False
3.41899373573364e+33,300000000000.0,5.0,2,0.2361622747316804,10.949043116938919,0.031850607357849364,True,,False
5.790443980602518e+33,300000000000.0,5.0,2,0.32124098483514585,11.166326577517111,0.04248190508585953,True,,False
6.902128664695696e+33,300000000000.0,5.0,2,0.3601839682120327,11.280091498529595,0.04715145698279062,True,,False
9.806757216915845e+33,300000000000.0,5.0,2,0.45497481205451656,11.546519170580634,0.05818615162016443,True,,False
1.1689518164985872e+34,300000000000.0,5.0,2,0.5113229347618585,11.693024125655391,0.06457312257112822,True,,False
1.3933743020968605e+34,300000000000.0,5.0,2,0.5737395393395038,11.843129113865634,0.07153715712667735,True,,False
8.227241341700525e+33,300000000000.0,5.0,2,0.40464249448324974,11.407267993570008,0.05238093009162137,True,,False
1.660882782627703e+34,300000000000.0,5.0,2,0.6423501230446962,11.993349259128543,0.07908874637414051,True,,False
2.359833466782179e+34,300000000000.0,5.0,2,0.7982382848740924,12.289920290508991,0.09591065309075904,True,,False
1.979749169679625e+34,300000000000.0,5.0,2,0.717320056518822,12.145165844435024,0.08721534146172977,True,,False
2.812888660964246e+34,300000000000.0,5.0,2,0.8848914924318005,12.426126840884713,0.10515685727817278,True,,False
3.3529241492495396e+34,300000000000.0,5.0,2,0.9769032925787174,12.550732271766893,0.11493859099096852,True,,False
3.996638937983064e+34,300000000000.0,5.0,2,1.0737951693296168,12.665238938655285,0.12519627846006656,True,,False
4.763938010401321e+34,300000000000.0,5.0,2,1.1730764286585535,12.762265346342602,0.13573189088740129,True,,False
6.7687500094585135e+34,300000000000.0,5.0,2,1.374966343092916,12.893907758204971,0.15746747713038184,True,,False
8.06825584030287e+34,300000000000.0,5.0,2,1.4759240600396915,12.925330149725623,0.16861869681324124,True,,False
9.617248711152945e+34,300000000000.0,5.0,2,1.575585934253736,12.937280723495505,0.17983840997634865,True,,False
1.146362666267422e+35,300000000000.0,5.0,2,1.6724809650900425,12.924379735617592,0.19108862479277863,True,,False
1.6287874214985499e+35,300000000000.0,5.0,2,1.8539641256169817,12.83579865086088,0.21328572588494876,True,,False
5.678547829591974e+34,300000000000.0,5.0,2,1.2736372518895582,12.838813698762124,0.14648873107472285,True,,False
2.3142313881085676e+35,300000000000.0,5.0,2,2.0115943876554385,12.661623750045058,0.2346034380379678,True,,False
1.9414919457438817e+35,300000000000.0,5.0,2,1.936243794597907,12.75788019363244,0.2241118808563002,True,,False
1.3664483492953243e+35,300000000000.0,5.0,2,1.7657112796726044,12.892081156467013,0.20224603756085385,True,,False
2.758531617629187e+35,300000000000.0,5.0,2,2.079239997251154,12.547640087412871,0.24469546966088426,True,,False
1.1919860873910918e+33,300000000000.0,10.0,2,0.1412202674263505,10.414009496700947,0.0200245341368462,True,,False
1.4208308325339238e+33,300000000000.0,10.0,2,0.15801676508180465,10.60911325018274,0.021994163147182243,True,,False
1.6936105849167396e+33,300000000000.0,10.0,2,0.1739114513007098,10.74615861427288,0.023897820447048444,True,,False
1e+33,300000000000.0,10.0,2,0.12361712779281128,10.149937919783959,0.01798451057995606,True,,False
2.018760254679043e+33,300000000000.0,10.0,2,0.18885141706891329,10.834099610677052,0.025740132887420622,True,,False
2.4063341373555167e+33,300000000000.0,10.0,2,0.20279877814223887,10.879792559578014,0.027525047690144015,True,,False
2.868316813342021e+33,300000000000.0,10.0,2,0.21690636166111918,10.89555158127756,0.029397231307472325,True,,False
4.075392965871795e+33,300000000000.0,10.0,2,0.25898335800603295,10.974737278133832,0.03484665423486119,True,,False
5.790443980602518e+33,300000000000.0,10.0,2,0.32073957054115787,11.142458323994003,0.042506454927752305,True,,False
3.41899373573364e+33,300000000000.0,10.0,2,0.2356175174114199,10.924312626266255,0.03184907449475873,True,,False
4.857811715970698e+33,300000000000.0,10.0,2,0.2872539722031195,11.04752913849891,0.03839584662448279,True,,False
6.902128664695696e+33,300000000000.0,10.0,2,0.35958590689682157,11.255346803797183,0.04717665473072497,True,,False
8.227241341700525e+33,300000000000.0,10.0,2,0.4040923501520439,11.383793681816126,0.05241758086332413,True,,False
9.806757216915845e+33,300000000000.0,10.0,2,0.4543435713548574,11.521353197508924,0.058232342124592426,True,,False
1.3933743020968605e+34,300000000000.0,10.0,2,0.5731667754504437,11.819841634645856,0.07160654358804347,True,,False
1.1689518164985872e+34,300000000000.0,10.0,2,0.5107354612260702,11.669835941701388,0.0646270932595961,True,,False
1.660882782627703e+34,300000000000.0,10.0,2,0.6418051441969501,11.971548336791619,0.07916554962839298,True,,False
1.979749169679625e+34,300000000000.0,10.0,2,0.7166423186890477,12.12102878666712,0.08730644980268425,True,,False
2.812888660964246e+34,300000000000.0,10.0,2,0.8841510643059246,12.40097598977265,0.10528196168045738,True,,False
3.3529241492495396e+34,300000000000.0,10.0,2,0.9762826898974999,12.529567518278881,0.115059602492191,True,,False
2.359833466782179e+34,300000000000.0,10.0,2,0.7975380967607532,12.265556961435744,0.09601686565346504,True,,False
4.763938010401321e+34,300000000000.0,10.0,2,1.1723509795808387,12.738801480640406,0.13589780494117232,True,,False
3.996638937983064e+34,300000000000.0,10.0,2,1.0731444834141834,12.643442888608869,0.1253361087418034,True,,False
9.617248711152945e+34,300000000000.0,10.0,2,1.574846635003582,12.913874622701234,0.18007982591435076,True,,False
8.06825584030287e+34,300000000000.0,10.0,2,1.475266085380099,12.90398761276207,0.16882228810695854,True,,False
1.3664483492953243e+35,300000000000.0,10.0,2,1.7651042999424764,12.868277062175546,0.20255050529640942,True,,False
1.6287874214985499e+35,300000000000.0,10.0,2,1.853342305196105,12.813673729262463,0.2135823392274449,True,,False
5.678547829591974e+34,300000000000.0,10.0,2,1.2729523676051109,12.816663489639273,0.14666298923204618,True,,False
6.7687500094585135e+34,300000000000.0,10.0,2,1.3742744794802666,12.870702653170854,0.15767200328486425,True,,False
1.9414919457438817e+35,300000000000.0,10.0,2,1.9356257829494092,12.73680868925933,0.22441099623915894,True,,False
2.3142313881085676e+35,300000000000.0,10.0,2,2.01098039803452,12.639203664302318,0.2349478560446835,True,,False
1.146362666267422e+35,300000000000.0,10.0,2,1.6718811588861542,12.903135208771872,0.19133460158262025,True,,False
1e+33,300000000000.0,20.0,2,0.12341176708262243,10.136350310684422,0.01797870144401923,True,,False
1.6936105849167396e+33,300000000000.0,20.0,2,0.17364028375106924,10.730685712259577,0.023894963568330777,True,,False
1.1919860873910918e+33,300000000000.0,20.0,2,0.14098724983423946,10.399580771232609,0.02001922993167972,True,,False
2.868316813342021e+33,300000000000.0,20.0,2,0.21660126693405737,10.879012053843953,0.029400512136389428,True,,False
2.4063341373555167e+33,300000000000.0,20.0,2,0.20250153766769755,10.86355503512202,0.027525785260422955,True,,False
2.018760254679043e+33,300000000000.0,20.0,2,0.1885661208917013,10.818235764917768,0.0257389357680207,True,,False
1.4208308325339238e+33,300000000000.0,20.0,2,0.1577633068277133,10.594121920469618,0.02198995776134755,True,,False
3.41899373573364e+33,300000000000.0,20.0,2,0.2353017248144646,10.907689733344988,0.031854859624326395,True,,False
4.857811715970698e+33,300000000000.0,20.0,2,0.28693087960385627,11.0307711332321,0.03841092596474091,True,,False
5.790443980602518e+33,300000000000.0,20.0,2,0.3204012800427184,11.125647943402802,0.04252578021650869,True,,False
8.227241341700525e+33,300000000000.0,20.0,2,0.40376693179386924,11.366853887641541,0.052453422584222364,True,,False
9.806757216915845e+33,300000000000.0,20.0,2,0.4540442384315031,11.505444604420646,0.05827444208653617,True,,False
4.075392965871795e+33,300000000000.0,20.0,2,0.2586472068892429,10.957702078994501,0.03485552795014916,True,,False
1.1689518164985872e+34,300000000000.0,20.0,2,0.510272016695996,11.650813142782477,0.06467387400374466,True,,False
6.902128664695696e+33,300000000000.0,20.0,2,0.35928757383686866,11.239163590033144,0.04720538734041848,True,,False
2.359833466782179e+34,300000000000.0,20.0,2,0.797067351506179,12.24706165460489,0.09610510936220507,True,,False
1.979749169679625e+34,300000000000.0,20.0,2,0.7161910365168177,12.102440533617456,0.0873854817692787,True,,False
2.812888660964246e+34,300000000000.0,20.0,2,0.8837159909033823,12.38268984139697,0.10538555321687575,True,,False
1.660882782627703e+34,300000000000.0,20.0,2,0.6413696124191361,11.95286895271699,0.0792354598009644,True,,False
1.3933743020968605e+34,300000000000.0,20.0,2,0.5727584156199239,11.802271507101022,0.07166205184496911,True,,False
3.996638937983064e+34,300000000000.0,20.0,2,1.0726562148545957,12.624988992771218,0.12546220216757206,True,,False
3.3529241492495396e+34,300000000000.0,20.0,2,0.9757972435168517,12.510658368388384,0.11517620988965835,True,,False
4.763938010401321e+34,300000000000.0,20.0,2,1.1718937783628185,12.721169281525896,0.1360330945467507,True,,False
5.678547829591974e+34,300000000000.0,20.0,2,1.2723856400776745,12.795825359900743,0.14683642962937865,True,,False
6.7687500094585135e+34,300000000000.0,20.0,2,1.3737456099274654,12.850771274624039,0.15785577861586222,True,,False
9.617248711152945e+34,300000000000.0,20.0,2,1.5743908773339188,12.89600101234086,0.18027722610860278,True,,False
8.06825584030287e+34,300000000000.0,20.0,2,1.4747364485213688,12.88380445330406,0.16902605311083627,True,,False
1.3664483492953243e+35,300000000000.0,20.0,2,1.764567042684924,12.847522678740178,0.2028159618695336,True,,False
1.146362666267422e+35,300000000000.0,20.0,2,1.6714045519972467,12.884621312504853,0.19155490747673684,True,,False
2.3142313881085676e+35,300000000000.0,20.0,2,2.0105868874492048,12.6234810603655,0.23519445259892027,True,,False
1.9414919457438817e+35,300000000000.0,20.0,2,1.9351572864609694,12.717881701048496,0.224690571863382,True,,False
1.6287874214985499e+35,300000000000.0,20.0,2,1.8528697896509645,12.794838755529202,0.21384221498115452,True,,False
1.1919860873910918e+33,1000000000000.0,2.0,2,0.017285671026860867,4.34123740449215,0.005879712191765362,True,,False
1e+33,1000000000000.0,2.0,2,0.004258511851850003,2.76687129829761,0.002272753121694781,True,,False
1.4208308325339238e+33,1000000000000.0,2.0,2,0.03363993700083782,5.327199556894133,0.00932480092905946,True,,False
1.6936105849167396e+33,1000000000000.0,2.0,2,0.05156194859402924,6.03508855099767,0.012616213673756356,True,,False
2.018760254679043e+33,1000000000000.0,2.0,2,0.07010574318647185,6.567862125890444,0.015762058360322507,True,,False
2.4063341373555167e+33,1000000000000.0,2.0,2,0.08869477990701258,6.976570923158735,0.01877324758597415,True,,False
4.075392965871795e+33,1000000000000.0,2.0,2,0.16252554570993205,8.049769674078624,0.029814088736147156,True,,False
2.868316813342021e+33,1000000000000.0,2.0,2,0.10832160075624633,7.3168910576340895,0.021861091474648146,True,,False
3.41899373573364e+33,1000000000000.0,2.0,2,0.13312330363475683,7.680999231303741,0.02559291333431374,True,,False
4.857811715970698e+33,1000000000000.0,2.0,2,0.19672322592166783,8.418624357164667,0.03450625813867379,True,,False
6.902128664695696e+33,1000000000000.0,2.0,2,0.27990822201377,9.133034241738471,0.04525680915876162,True,,False
8.227241341700525e+33,1000000000000.0,2.0,2,0.3294810399479649,9.476715394489053,0.05134001024703872,True,,False
9.806757216915845e+33,1000000000000.0,2.0,2,0.3846512170269293,9.808351681398655,0.057910117036280226,True,,False
1.1689518164985872e+34,1000000000000.0,2.0,2,0.4456668330665765,10.127459271119578,0.06498201444907123,True,,False
1.3933743020968605e+34,1000000000000.0,2.0,2,0.512757836821181,10.434692212946324,0.07256313277111157,True,,False
1.979749169679625e+34,1000000000000.0,2.0,2,0.6651061593550789,11.002706603188795,0.0892636823156457,True,,False
2.359833466782179e+34,1000000000000.0,2.0,2,0.7502494184115224,11.261347916757948,0.09837815020661463,True,,False
5.790443980602518e+33,1000000000000.0,2.0,2,0.23565608431878968,8.777986875185338,0.03964305280575279,True,,False
2.812888660964246e+34,1000000000000.0,2.0,2,0.8410064490604863,11.499958126864648,0.10799071784358462,True,,False
1.660882782627703e+34,1000000000000.0,2.0,2,0.5859257273129501,10.727266589461696,0.08065603250409895,True,,False
3.3529241492495396e+34,1000000000000.0,2.0,2,0.9369838724386681,11.717680208497608,0.11807931781701396,True,,False
4.763938010401321e+34,1000000000000.0,2.0,2,1.14057315177081,12.088546267644409,0.13932608324744686,True,,False
5.678547829591974e+34,1000000000000.0,2.0,2,1.2444320342247353,12.229391739445477,0.1502621803800422,True,,False
3.996638937983064e+34,1000000000000.0,2.0,2,1.0376697179023953,11.915911367072093,0.12859238160867528,True,,False
6.7687500094585135e+34,1000000000000.0,2.0,2,1.3489797545709445,12.345691673098546,0.16135163343931835,True,,False
8.06825584030287e+34,1000000000000.0,2.0,2,1.4529010110777374,12.431579783360045,0.17258103350646348,True,,False
9.617248711152945e+34,1000000000000.0,2.0,2,1.5552357816152087,12.491479799050165,0.18385087900446415,True,,False
1.6287874214985499e+35,1000000000000.0,2.0,2,1.8405809374793578,12.509756275634834,0.21726483109534078,True,,False
1.3664483492953243e+35,1000000000000.0,2.0,2,1.7502909109561273,12.530294988013678,0.20626821165603992,True,,False
1.9414919457438817e+35,1000000000000.0,2.0,2,1.9247270780826553,12.467945298642968,0.22795946498300385,True,,False
1.146362666267422e+35,1000000000000.0,2.0,2,1.6547897648776555,12.52341213021097,0.19512077582533574,True,,False
2.3142313881085676e+35,1000000000000.0,2.0,2,2.001675186865915,12.398315748205603,0.2384044042567947,True,,False
1e+33,1000000000000.0,5.0,2,0.004235349758764302,2.759042160567072,0.0022668057447906456,True,,False
1.1919860873910918e+33,1000000000000.0,5.0,2,0.017169565671115633,4.325296285336944,0.005861743464995852,True,,False
1.4208308325339238e+33,1000000000000.0,5.0,2,0.03341689394384855,5.307275367990278,0.009297749039550201,True,,False
1.6936105849167396e+33,1000000000000.0,5.0,2,0.05122734274074387,6.012923185756633,0.012580547271355089,True,,False
2.018760254679043e+33,1000000000000.0,5.0,2,0.06968016529205012,6.544469928437964,0.015722371601993065,True,,False
2.868316813342021e+33,1000000000000.0,5.0,2,0.10771601833304334,7.291639018166233,0.021814159904916613,True,,False
2.4063341373555167e+33,1000000000000.0,5.0,2,0.08818412728250363,6.9523297129180675,0.018730243438591462,True,,False
3.41899373573364e+33,1000000000000.0,5.0,2,0.13246130906165968,7.656095778719966,0.025548478752008087,True,,False
4.857811715970698e+33,1000000000000.0,5.0,2,0.1957752825529397,8.391129351929248,0.034452505005534956,True,,False
4.075392965871795e+33,1000000000000.0,5.0,2,0.1617659172202032,8.024538761245921,0.029768044508044687,True,,False
5.790443980602518e+33,1000000000000.0,5.0,2,0.2346482756908158,8.751154384025867,0.039594547366045195,True,,False
6.902128664695696e+33,1000000000000.0,5.0,2,0.2787995100816288,9.106233005499746,0.04521021877694853,True,,False
8.227241341700525e+33,1000000000000.0,5.0,2,0.3282414124933554,9.449003360298427,0.051296853931443044,True,,False
1.1689518164985872e+34,1000000000000.0,5.0,2,0.4443573923059936,10.102565841373773,0.06495073662550749,True,,False
1.660882782627703e+34,1000000000000.0,5.0,2,0.5844080814526464,10.701625214201922,0.08063987327185437,True,,False
1.979749169679625e+34,1000000000000.0,5.0,2,0.6635012954662958,10.976856897264353,0.08925799635965738,True,,False
2.359833466782179e+34,1000000000000.0,5.0,2,0.748577226005094,11.235714574925558,0.09838282146348802,True,,False
9.806757216915845e+33,1000000000000.0,5.0,2,0.38344512122941454,9.783618104458986,0.05787447779018048,True,,False
2.812888660964246e+34,1000000000000.0,5.0,2,0.8392521410465471,11.473594184875056,0.10801307592454759,True,,False
1.3933743020968605e+34,1000000000000.0,5.0,2,0.5113394349881678,10.409396260124979,0.07253825549610939,True,,False
3.3529241492495396e+34,1000000000000.0,5.0,2,0.9352730230339213,11.694254987904449,0.11809981288965342,True,,False
3.996638937983064e+34,1000000000000.0,5.0,2,1.0358231470464736,11.889843111399811,0.12864498145041733,True,,False
4.763938010401321e+34,1000000000000.0,5.0,2,1.1387006856966313,12.062710277997954,0.13939527278493882,True,,False
5.678547829591974e+34,1000000000000.0,5.0,2,1.2426016718191442,12.205442335021237,0.15033557788707688,True,,False
9.617248711152945e+34,1000000000000.0,5.0,2,1.553460264108121,12.46614294929602,0.18401422938622777,True,,False
1.146362666267422e+35,1000000000000.0,5.0,2,1.6529940740917304,12.500585009409606,0.195264961346351,True,,False
8.06825584030287e+34,1000000000000.0,5.0,2,1.4511282980483322,12.408613609242938,0.1726894915909665,True,,False
1.3664483492953243e+35,1000000000000.0,5.0,2,1.7485192311426856,12.506331874296649,0.20645424883726796,True,,False
1.9414919457438817e+35,1000000000000.0,5.0,2,1.9230281855695146,12.44095900123512,0.22825229440524733,True,,False
6.7687500094585135e+34,1000000000000.0,5.0,2,1.3471504613259029,12.321128053444447,0.16145406872429643,True,,False
1.6287874214985499e+35,1000000000000.0,5.0,2,1.8388452603261276,12.484967308982807,0.21749092290136857,True,,False
2.3142313881085676e+35,1000000000000.0,5.0,2,2.0000482694730097,12.371959677005206,0.23871809618196116,True,,False
1e+33,1000000000000.0,10.0,2,0.0042302182351423735,2.756845489941756,0.0022658633126456727,True,,False
1.6936105849167396e+33,1000000000000.0,10.0,2,0.05106265022107828,6.000104961036106,0.012566891481892944,True,,False
1.4208308325339238e+33,1000000000000.0,10.0,2,0.03331593679204435,5.297179605966616,0.009287326039272636,True,,False
2.018760254679043e+33,1000000000000.0,10.0,2,0.06944533019456897,6.529514438805183,0.015705274143002622,True,,False
2.4063341373555167e+33,1000000000000.0,10.0,2,0.08788201437839865,6.935686382067861,0.01871086722650437,True,,False
1.1919860873910918e+33,1000000000000.0,10.0,2,0.017129915424852822,4.3187322268268815,0.005857095459801549,True,,False
4.075392965871795e+33,1000000000000.0,10.0,2,0.16126746080515802,8.00452611211519,0.029750514669502653,True,,False
3.41899373573364e+33,1000000000000.0,10.0,2,0.13201966348499336,7.636748072440379,0.025527807626947976,True,,False
4.857811715970698e+33,1000000000000.0,10.0,2,0.19517481302453674,8.369744632304794,0.03443459072025323,True,,False
5.790443980602518e+33,1000000000000.0,10.0,2,0.2340069163550555,8.730015596866972,0.039581936256530746,True,,False
2.868316813342021e+33,1000000000000.0,10.0,2,0.10735896500808546,7.273853908639884,0.02179501151375243,True,,False
1.1689518164985872e+34,1000000000000.0,10.0,2,0.4432626434008088,10.077484449654193,0.06495197426970961,True,,False
8.227241341700525e+33,1000000000000.0,10.0,2,0.32740464832808763,9.426291694536339,0.05128936559111328,True,,False
9.806757216915845e+33,1000000000000.0,10.0,2,0.38242270602909373,9.75826955260343,0.05787009839316161,True,,False
6.902128664695696e+33,1000000000000.0,10.0,2,0.2780373153539577,9.083558385939874,0.045199167453473035,True,,False
1.979749169679625e+34,1000000000000.0,10.0,2,0.6620430204130908,10.948790370253196,0.08929012515029418,True,,False
1.660882782627703e+34,1000000000000.0,10.0,2,0.5830651043354103,10.674548532892022,0.08065864001820074,True,,False
1.3933743020968605e+34,1000000000000.0,10.0,2,0.510099128735962,10.382780790939965,0.07254780178776819,True,,False
2.359833466782179e+34,1000000000000.0,10.0,2,0.7470210449515343,11.207294896601642,0.09842726062098626,True,,False
2.812888660964246e+34,1000000000000.0,10.0,2,0.8376874279311577,11.44709680968585,0.1080612539538439,True,,False
3.3529241492495396e+34,1000000000000.0,10.0,2,0.9335456386479465,11.66538694054444,0.11817340966175782,True,,False
4.763938010401321e+34,1000000000000.0,10.0,2,1.13689834675991,12.03502264042163,0.1394948211237905,True,,False
5.678547829591974e+34,1000000000000.0,10.0,2,1.2407244538541358,12.175999061512652,0.15047144687466887,True,,False
3.996638937983064e+34,1000000000000.0,10.0,2,1.0341027911108611,11.862983285011326,0.12872211081809973,True,,False
8.06825584030287e+34,1000000000000.0,10.0,2,1.4491321920467988,12.376477115687088,0.1728997327990906,True,,False
9.617248711152945e+34,1000000000000.0,10.0,2,1.5514975854119282,12.436725953148455,0.18421644641203677,True,,False
1.3664483492953243e+35,1000000000000.0,10.0,2,1.7465622764571602,12.473817080955175,0.20676073413681662,True,,False
6.7687500094585135e+34,1000000000000.0,10.0,2,1.3451734159792812,12.290360907697563,0.1616207064608197,True,,False
1.6287874214985499e+35,1000000000000.0,10.0,2,1.8369944629799748,12.45481854572427,0.2177979579646324,True,,False
1.146362666267422e+35,1000000000000.0,10.0,2,1.6510564565254944,12.468311236392198,0.19554091819749436,True,,False
1.9414919457438817e+35,1000000000000.0,10.0,2,1.9212007866891199,12.411194438678674,0.22858226789616348,True,,False
2.3142313881085676e+35,1000000000000.0,10.0,2,1.9983226431862937,12.344726077808335,0.23903831170492218,True,,False
1e+33,1000000000000.0,20.0,2,0.00422871231770231,2.756218305189198,0.00226557210649616,True,,False
1.4208308325339238e+33,1000000000000.0,20.0,2,0.03328182843940846,5.29330743042793,0.009284604751301223,True,,False
1.6936105849167396e+33,1000000000000.0,20.0,2,0.051000257906721164,5.994768944962275,0.012562708550932748,True,,False
1.1919860873910918e+33,1000000000000.0,20.0,2,0.01711694721155715,4.316487294513115,0.005855705212535983,True,,False
2.018760254679043e+33,1000000000000.0,20.0,2,0.06935303831728894,6.522934600992592,0.015700223278129664,True,,False
2.868316813342021e+33,1000000000000.0,20.0,2,0.10720396560727888,7.265289279288492,0.021789200771694963,True,,False
2.4063341373555167e+33,1000000000000.0,20.0,2,0.0877589178811081,6.928053320690278,0.018705244915755502,True,,False
4.857811715970698e+33,1000000000000.0,20.0,2,0.1948901249313493,8.358238005640278,0.034431699644547044,True,,False
4.075392965871795e+33,1000000000000.0,20.0,2,0.1610206286249952,7.993764002454488,0.029744971436318754,True,,False
3.41899373573364e+33,1000000000000.0,20.0,2,0.13182501902954394,7.627163376740414,0.025522202751611402,True,,False
6.902128664695696e+33,1000000000000.0,20.0,2,0.27759874213969715,9.069274818359242,0.04519894445770677,True,,False
9.806757216915845e+33,1000000000000.0,20.0,2,0.3818463344973349,9.742045535736457,0.05787910831621927,True,,False
5.790443980602518e+33,1000000000000.0,20.0,2,0.23365834482283707,8.71735291955649,0.03958038627561702,True,,False
8.227241341700525e+33,1000000000000.0,20.0,2,0.32692094045242953,9.411496582904709,0.05129409970855624,True,,False
1.3933743020968605e+34,1000000000000.0,20.0,2,0.5093971392038795,10.365649857399521,0.07256769488741166,True,,False
1.979749169679625e+34,1000000000000.0,20.0,2,0.661209045654183,10.930749440553793,0.08932483197649897,True,,False
1.1689518164985872e+34,1000000000000.0,20.0,2,0.4426589581031713,10.061455570867386,0.06496684920898009,True,,False
2.812888660964246e+34,1000000000000.0,20.0,2,0.8366263474421868,11.425660079637225,0.10812686193856333,True,,False
1.660882782627703e+34,1000000000000.0,20.0,2,0.5822802717327928,10.656497849183383,0.08068651081465945,True,,False
2.359833466782179e+34,1000000000000.0,20.0,2,0.7460350547453206,11.186328176249646,0.09848158720480418,True,,False
3.3529241492495396e+34,1000000000000.0,20.0,2,0.9324336207659352,11.643936686655632,0.11825008188713335,True,,False
3.996638937983064e+34,1000000000000.0,20.0,2,1.0329211004277314,11.840786026736472,0.1288160497779836,True,,False
6.7687500094585135e+34,1000000000000.0,20.0,2,1.343875476560721,12.268200380900698,0.16175642092134154,True,,False
5.678547829591974e+34,1000000000000.0,20.0,2,1.239475918177074,12.154329514296624,0.15058802865143883,True,,False
8.06825584030287e+34,1000000000000.0,20.0,2,1.447795325054128,12.353545958995833,0.17306087518705593,True,,False
4.763938010401321e+34,1000000000000.0,20.0,2,1.135650003626867,12.012024523483019,0.1396084345898048,True,,False
9.617248711152945e+34,1000000000000.0,20.0,2,1.5501768559848383,12.414064492667233,0.18439562484361585,True,,False
1.146362666267422e+35,1000000000000.0,20.0,2,1.6497342512823134,12.446766085498327,0.19572253149086175,True,,False
2.3142313881085676e+35,1000000000000.0,20.0,2,1.9970428559339615,12.320458494409756,0.23935575598835035,True,,False
1.3664483492953243e+35,1000000000000.0,20.0,2,1.7452473335977188,12.451495196319188,0.2069754515620353,True,,False
1.6287874214985499e+35,1000000000000.0,20.0,2,1.8356994409017287,12.433324598533844,0.21802066733995387,True,,False
1.9414919457438817e+35,1000000000000.0,20.0,2,1.9198670784787644,12.384774011694407,0.2289108806446958,True,,False
2.868316813342021e+33,3000000000000.0,2.0,2,0.0021028971420493777,1.6929302263586572,0.0018342660699634083,True,,False
4.075392965871795e+33,3000000000000.0,2.0,2,0.03923728089161672,4.42464472271076,0.013094950460953316,True,,False
3.41899373573364e+33,3000000000000.0,2.0,2,0.016480532544166333,3.3398736326156913,0.007286593918525342,True,,False
4.857811715970698e+33,3000000000000.0,2.0,2,0.06917744566889664,5.300853376870239,0.019270904146887657,True,,False
5.790443980602518e+33,3000000000000.0,2.0,2,0.10596680625389447,6.0557030406220145,0.025839769552944584,True,,False
6.902128664695696e+33,3000000000000.0,2.0,2,0.14951792563654734,6.7272145636825185,0.03282020916140069,True,,False
8.227241341700525e+33,3000000000000.0,2.0,2,0.19985427250315593,7.3370525738141525,0.04022306557843447,True,,False
9.806757216915845e+33,3000000000000.0,2.0,2,0.25704886952663647,7.897473294661872,0.04806300199849482,True,,False
1.1689518164985872e+34,3000000000000.0,2.0,2,0.3211565164684281,8.415013079113939,0.05635666748087156,True,,False
1.660882782627703e+34,3000000000000.0,2.0,2,0.4700915542044645,9.337735208422963,0.07434029072471132,True,,False
1.979749169679625e+34,3000000000000.0,2.0,2,0.5547378866280106,9.748679230961757,0.08402826723951125,True,,False
2.359833466782179e+34,3000000000000.0,2.0,2,0.6458887248475637,10.129320544635481,0.09415876411056517,True,,False
1.3933743020968605e+34,3000000000000.0,2.0,2,0.392190995031775,8.894120237570206,0.06511454084163397,True,,False
2.812888660964246e+34,3000000000000.0,2.0,2,0.7431385211917377,10.479048490770623,0.10472039817830353,True,,False
3.996638937983064e+34,3000000000000.0,2.0,2,0.9535148253106556,11.083396142782794,0.1270392598395175,True,,False
3.3529241492495396e+34,3000000000000.0,2.0,2,0.8459086933134872,10.796191113064012,0.11570077962830902,True,,False
4.763938010401321e+34,3000000000000.0,2.0,2,1.0632246523164823,11.332197724307738,0.1385460840899002,True,,False
6.7687500094585135e+34,3000000000000.0,2.0,2,1.2852134777023825,11.724627591089192,0.1618674686497641,True,,False
9.617248711152945e+34,3000000000000.0,2.0,2,1.5042076099842012,11.983057341545901,0.18536319433141973,True,,False
5.678547829591974e+34,3000000000000.0,2.0,2,1.1740526447511044,11.545879010898307,0.15015642850103958,True,,False
8.06825584030287e+34,3000000000000.0,2.0,2,1.3957173268750847,11.871468841779347,0.17361065436092538,True,,False
1.3664483492953243e+35,3000000000000.0,2.0,2,1.710325329253952,12.109426936030237,0.2085635917255096,True,,False
1.146362666267422e+35,3000000000000.0,2.0,2,1.6095371566551995,12.061279334671859,0.19705660319072082,True,,False
1.9414919457438817e+35,3000000000000.0,2.0,2,1.894161740591701,12.117282723518212,0.2308315565517146,True,,False
1.6287874214985499e+35,3000000000000.0,2.0,2,1.8055811060751987,12.127963035869245,0.21984292713939507,True,,False
2.3142313881085676e+35,3000000000000.0,2.0,2,1.9752014611583757,12.083795197847348,0.24137450888750014,True,,False
2.868316813342021e+33,3000000000000.0,5.0,2,0.0020949703942599843,1.6889354764031244,0.0018316740503339993,True,,False
4.075392965871795e+33,3000000000000.0,5.0,2,0.03887692241730595,4.403132799134789,0.013038074396841915,True,,False
4.857811715970698e+33,3000000000000.0,5.0,2,0.06853897470944435,5.273276401954044,0.019192892405647494,True,,False
3.41899373573364e+33,3000000000000.0,5.0,2,0.01634567668498385,3.32505791227527,0.00725917141203445,True,,False
5.790443980602518e+33,3000000000000.0,5.0,2,0.10498986759418254,6.025798891233598,0.02572859767482291,True,,False
6.902128664695696e+33,3000000000000.0,5.0,2,0.14819416410185102,6.695630252142462,0.03268308169305151,True,,False
9.806757216915845e+33,3000000000000.0,5.0,2,0.2550008785274743,7.863559266973489,0.04788570362659041,True,,False
8.227241341700525e+33,3000000000000.0,5.0,2,0.19817024408505204,7.304026831504639,0.0400644740025979,True,,False
1.3933743020968605e+34,3000000000000.0,5.0,2,0.38942088576490025,8.858964929090813,0.0649111971508211,True,,False
1.660882782627703e+34,3000000000000.0,5.0,2,0.4670190159589325,9.30273893295009,0.07413223470779706,True,,False
1.979749169679625e+34,3000000000000.0,5.0,2,0.5513493319432575,9.713469292118733,0.08381771982464938,True,,False
1.1689518164985872e+34,3000000000000.0,5.0,2,0.3187433983229503,8.379779187698366,0.056168391192391136,True,,False
2.812888660964246e+34,3000000000000.0,5.0,2,0.739177716748507,10.44345314484485,0.10451728135043371,True,,False
3.3529241492495396e+34,3000000000000.0,5.0,2,0.8417262369096052,10.761574170431206,0.1154990526950243,True,,False
2.359833466782179e+34,3000000000000.0,5.0,2,0.6422070665831734,10.093976919278097,0.09394985922542497,True,,False
5.678547829591974e+34,3000000000000.0,5.0,2,1.1694007024198112,11.51313971751692,0.14998676436708602,True,,False
6.7687500094585135e+34,3000000000000.0,5.0,2,1.2804603016843588,11.689664810051692,0.16175116641864304,True,,False
8.06825584030287e+34,3000000000000.0,5.0,2,1.3909705894497297,11.83684105576066,0.17352637421448747,True,,False
9.617248711152945e+34,3000000000000.0,5.0,2,1.4993715241879637,11.94865421561716,0.18529923499444229,True,,False
3.996638937983064e+34,3000000000000.0,5.0,2,0.9491327142590231,11.048031866187053,0.12686019816833788,True,,False
4.763938010401321e+34,3000000000000.0,5.0,2,1.0587109401544552,11.29695243361465,0.13838832783253352,True,,False
1.3664483492953243e+35,3000000000000.0,5.0,2,1.7056191197429214,12.074972007366041,0.20858317990593053,True,,False
1.146362666267422e+35,3000000000000.0,5.0,2,1.6047547685435128,12.02877753931711,0.19700195805467677,True,,False
1.9414919457438817e+35,3000000000000.0,5.0,2,1.8896318608468954,12.083693464193471,0.23091963598647702,True,,False
2.3142313881085676e+35,3000000000000.0,5.0,2,1.9707657779604069,12.049051702814179,0.2415268988978087,True,,False
1.6287874214985499e+35,3000000000000.0,5.0,2,1.8009543621949706,12.093618334472664,0.21990231939163762,True,,False
2.868316813342021e+33,3000000000000.0,10.0,2,0.0020935144309259927,1.6881555362463603,0.0018312467314258096,True,,False
3.41899373573364e+33,3000000000000.0,10.0,2,0.016309416849190208,3.3202438179949327,0.007253570177317028,True,,False
4.075392965871795e+33,3000000000000.0,10.0,2,0.03874859831992128,4.393853403834971,0.013022482875536121,True,,False
4.857811715970698e+33,3000000000000.0,10.0,2,0.06825596575905259,5.260530611063436,0.019159952354736668,True,,False
5.790443980602518e+33,3000000000000.0,10.0,2,0.10451681002810935,6.008298708991686,0.025687272395601275,True,,False
9.806757216915845e+33,3000000000000.0,10.0,2,0.2536802382973278,7.837051188850803,0.047798835312026916,True,,False
8.227241341700525e+33,3000000000000.0,10.0,2,0.19716352972158982,7.280765876198852,0.039988294290413826,True,,False
1.1689518164985872e+34,3000000000000.0,10.0,2,0.31708299967540066,8.351275849383635,0.056066505718067906,True,,False
1.660882782627703e+34,3000000000000.0,10.0,2,0.4646311876404437,9.270695948815767,0.07400812151380681,True,,False
1.979749169679625e+34,3000000000000.0,10.0,2,0.5486199372426139,9.68086377430657,0.08368369311971485,True,,False
6.902128664695696e+33,3000000000000.0,10.0,2,0.14747189904126148,6.675031581205648,0.03262415779522663,True,,False
1.3933743020968605e+34,3000000000000.0,10.0,2,0.3874119749900434,8.828201848822772,0.06480136399322223,True,,False
2.359833466782179e+34,3000000000000.0,10.0,2,0.639133380238072,10.058768171871685,0.0938274821527869,True,,False
3.996638937983064e+34,3000000000000.0,10.0,2,0.9451040082857415,11.010298753628755,0.12675463901011855,True,,False
3.3529241492495396e+34,3000000000000.0,10.0,2,0.8379861844289783,10.723962239926262,0.11538914184572312,True,,False
5.678547829591974e+34,3000000000000.0,10.0,2,1.1649145444357907,11.47430895738905,0.1499170021306263,True,,False
2.812888660964246e+34,3000000000000.0,10.0,2,0.7357534591215247,10.407579424903487,0.10439169270791718,True,,False
4.763938010401321e+34,3000000000000.0,10.0,2,1.0544578592208176,11.26067152994315,0.13827647463501208,True,,False
6.7687500094585135e+34,3000000000000.0,10.0,2,1.275868973747153,11.653325032520828,0.16167377448106823,True,,False
1.146362666267422e+35,3000000000000.0,10.0,2,1.599788525799325,11.987049442487214,0.1970759559677565,True,,False
9.617248711152945e+34,3000000000000.0,10.0,2,1.4945099632175853,11.909065941980728,0.18531239783057704,True,,False
8.06825584030287e+34,3000000000000.0,10.0,2,1.3861156244147055,11.797658398341548,0.17349501585236768,True,,False
2.3142313881085676e+35,3000000000000.0,10.0,2,1.966051971684668,12.008982543504148,0.24175314994971625,True,,False
1.9414919457438817e+35,3000000000000.0,10.0,2,1.8848701112350432,12.04672775359962,0.231044531073091,True,,False
1.3664483492953243e+35,3000000000000.0,10.0,2,1.7007347239986863,12.037341955410918,0.20863604512689526,True,,False
1.6287874214985499e+35,3000000000000.0,10.0,2,1.796102791101273,12.056162260838297,0.21999127883464606,True,,False
2.868316813342021e+33,3000000000000.0,20.0,2,0.002093134358951138,1.6879483516107523,0.0018311390062227565,True,,False
3.41899373573364e+33,3000000000000.0,20.0,2,0.01629871025018658,3.3187703770175174,0.007252026713283975,True,,False
4.075392965871795e+33,3000000000000.0,20.0,2,0.038707295775387375,4.390630681107233,0.013018150385394542,True,,False
4.857811715970698e+33,3000000000000.0,20.0,2,0.06815877995922875,5.255366951449319,0.019151470387021006,True,,False
6.902128664695696e+33,3000000000000.0,20.0,2,0.14717811878320616,6.665588143534203,0.0326052949132927,True,,False
5.790443980602518e+33,3000000000000.0,20.0,2,0.10433474740906747,6.001067256197507,0.025673426516173162,True,,False
1.979749169679625e+34,3000000000000.0,20.0,2,0.5471329608499478,9.659858823721406,0.08363835072501101,True,,False
8.227241341700525e+33,3000000000000.0,20.0,2,0.19673218706058393,7.269184738504254,0.03996437954648292,True,,False
1.1689518164985872e+34,3000000000000.0,20.0,2,0.3162931885780647,8.335814154826966,0.056030587580109904,True,,False
9.806757216915845e+33,3000000000000.0,20.0,2,0.2530782959861206,7.823410671458257,0.0477685583481501,True,,False
1.660882782627703e+34,3000000000000.0,20.0,2,0.46339548854734847,9.251436075606598,0.07396495714905922,True,,False
1.3933743020968605e+34,3000000000000.0,20.0,2,0.3864023423701322,8.810822446883725,0.06475997342610283,True,,False
3.3529241492495396e+34,3000000000000.0,20.0,2,0.8357260066679862,10.699060507412627,0.11534575986368244,True,,False
2.359833466782179e+34,3000000000000.0,20.0,2,0.6373634958964345,10.036652395360827,0.09377383209927781,True,,False
4.763938010401321e+34,3000000000000.0,20.0,2,1.0517599405016074,11.232831115496179,0.13826452213274043,True,,False
2.812888660964246e+34,3000000000000.0,20.0,2,0.733755061793456,10.383388883689035,0.10435069634104,True,,False
6.7687500094585135e+34,3000000000000.0,20.0,2,1.2727747730136956,11.623906221746518,0.16168987386573178,True,,False
5.678547829591974e+34,3000000000000.0,20.0,2,1.1619932341378023,11.445919710003482,0.1499119540859241,True,,False
8.06825584030287e+34,3000000000000.0,20.0,2,1.3829377384058412,11.767881856153963,0.17353524345779417,True,,False
3.996638937983064e+34,3000000000000.0,20.0,2,0.9426147184005492,10.983881718680646,0.12672483377318328,True,,False
9.617248711152945e+34,3000000000000.0,20.0,2,1.4912465596455213,11.87965877310219,0.1853654754354019,True,,False
1.146362666267422e+35,3000000000000.0,20.0,2,1.5964560898494897,11.958916669586268,0.19712808326040931,True,,False
1.6287874214985499e+35,3000000000000.0,20.0,2,1.7927374945298626,12.025310744896135,0.2201424294399254,True,,False
1.3664483492953243e+35,3000000000000.0,20.0,2,1.6973888355151392,12.00746876353087,0.20874363253947814,True,,False
2.3142313881085676e+35,3000000000000.0,20.0,2,1.9628246320105456,11.979676768677036,0.24194673185860283,True,,False
1.9414919457438817e+35,3000000000000.0,20.0,2,1.881536315824277,12.0157971962831,0.23122957260096638,True,,False
9.806757216915845e+33,10000000000000.0,2.0,2,0.00917964197380443,2.4036570951046063,0.005639447949902131,True,,False
1.3933743020968605e+34,10000000000000.0,2.0,2,0.10833850457297431,5.403357159302341,0.029607553481705212,True,,False
1.1689518164985872e+34,10000000000000.0,2.0,2,0.049351149229805935,4.1885787077628285,0.017398585861657663,True,,False
2.359833466782179e+34,10000000000000.0,2.0,2,0.3665488895539758,7.898823032832836,0.06852560606009651,True,,False
1.660882782627703e+34,10000000000000.0,2.0,2,0.18218898064722752,6.372608176883892,0.04221708573546597,True,,False
2.812888660964246e+34,10000000000000.0,2.0,2,0.47404231710158296,8.521089308663203,0.08214958165260534,True,,False
1.979749169679625e+34,10000000000000.0,2.0,2,0.26879381215105136,7.1902978925684025,0.05520211839220643,True,,False
3.996638937983064e+34,10000000000000.0,2.0,2,0.7126599760137237,9.557019669321948,0.11011418025748886,True,,False
6.7687500094585135e+34,10000000000000.0,2.0,2,1.0959709372656399,10.64890423348059,0.15197686351853987,True,,False
8.06825584030287e+34,10000000000000.0,2.0,2,1.2240835158796444,10.908135487167165,0.1657081569365934,True,,False
4.763938010401321e+34,10000000000000.0,2.0,2,0.8389559582811735,9.978589248424084,0.12415190212397774,True,,False
5.678547829591974e+34,10000000000000.0,2.0,2,0.9670660408479225,10.340234398767526,0.1381049071690332,True,,False
3.3529241492495396e+34,10000000000000.0,2.0,2,0.5898871433772458,9.070856333535913,0.09602935309812413,True,,False
9.617248711152945e+34,10000000000000.0,2.0,2,1.3498941236185906,11.121203905503634,0.1792384849148622,True,,False
1.3664483492953243e+35,10000000000000.0,2.0,2,1.5881383634464783,11.417663651284645,0.20539716864097676,True,,False
1.6287874214985499e+35,10000000000000.0,2.0,2,1.6979593705845333,11.5069190261241,0.21789717416591078,True,,False
1.146362666267422e+35,10000000000000.0,2.0,2,1.4717221311398154,11.29027384844167,0.19248846341997866,True,,False
2.3142313881085676e+35,10000000000000.0,2.0,2,1.8928460395202538,11.578085368105484,0.24141369557111883,True,,False
1.9414919457438817e+35,10000000000000.0,2.0,2,1.7998485597525598,11.559529560013928,0.22992127861590855,True,,False
9.806757216915845e+33,10000000000000.0,5.0,2,0.009059648834157429,2.385292803317246,0.005608581397722605,True,,False
1.3933743020968605e+34,10000000000000.0,5.0,2,0.10610955224050486,5.342829299447568,0.029326926042515345,True,,False
1.1689518164985872e+34,10000000000000.0,5.0,2,0.04838559854332683,4.142759800820433,0.017246847581482417,True,,False
1.660882782627703e+34,10000000000000.0,5.0,2,0.1785527610471522,6.3036023548378095,0.041827424327664425,True,,False
1.979749169679625e+34,10000000000000.0,5.0,2,0.26369475056943664,7.116425385822378,0.05471708403298487,True,,False
2.812888660964246e+34,10000000000000.0,5.0,2,0.4661889225553697,8.443159962386487,0.08153428992223775,True,,False
3.996638937983064e+34,10000000000000.0,5.0,2,0.7025516337421746,9.47905963362634,0.10944510785150634,True,,False
4.763938010401321e+34,10000000000000.0,5.0,2,0.8278915270995779,9.901025931736356,0.1234743080121335,True,,False
8.06825584030287e+34,10000000000000.0,5.0,2,1.2112920587199647,10.833603140189709,0.16510465142162734,True,,False
5.678547829591974e+34,10000000000000.0,5.0,2,0.9552739581133296,10.263635700595183,0.1374390266499521,True,,False
9.617248711152945e+34,10000000000000.0,5.0,2,1.3367743392769502,11.047580615702287,0.17867931624376202,True,,False
6.7687500094585135e+34,10000000000000.0,5.0,2,1.083618900472409,10.573383076314169,0.15133729435596985,True,,False
3.3529241492495396e+34,10000000000000.0,5.0,2,0.5808417750894206,8.992607318625186,0.09537961729788266,True,,False
1.146362666267422e+35,10000000000000.0,5.0,2,1.458445928301719,11.217545179543288,0.1919887875523547,True,,False
1.9414919457438817e+35,10000000000000.0,5.0,2,1.7866872688854512,11.488703091769109,0.22964706427208986,True,,False
2.359833466782179e+34,10000000000000.0,5.0,2,0.360035244750894,7.822238965176168,0.0679668744453242,True,,False
2.3142313881085676e+35,10000000000000.0,5.0,2,1.879948885015443,11.508110692062848,0.24122669771581756,True,,False
1.3664483492953243e+35,10000000000000.0,5.0,2,1.5748492258064248,11.346103734151283,0.20496305817265473,True,,False
1.6287874214985499e+35,10000000000000.0,5.0,2,1.6847228645568064,11.436077869002938,0.21753779751929658,True,,False
9.806757216915845e+33,10000000000000.0,10.0,2,0.009034080056357377,2.380876792342535,0.005603125809995017,True,,False
1.1689518164985872e+34,10000000000000.0,10.0,2,0.04806313613857855,4.1251085956880456,0.017205214055707775,True,,False
1.3933743020968605e+34,10000000000000.0,10.0,2,0.10516118802358482,5.312474124832554,0.02923088854242486,True,,False
1.660882782627703e+34,10000000000000.0,10.0,2,0.17670177168782725,6.2623788129073485,0.04166629940455275,True,,False
1.979749169679625e+34,10000000000000.0,10.0,2,0.2607552219796811,7.06611630931178,0.05449235707720672,True,,False
2.812888660964246e+34,10000000000000.0,10.0,2,0.4607781551919245,8.379385401303558,0.08120131769525324,True,,False
5.678547829591974e+34,10000000000000.0,10.0,2,0.9452000967466662,10.186089920952602,0.13702493750390396,True,,False
2.359833466782179e+34,10000000000000.0,10.0,2,0.3558810342499271,7.764470540588346,0.06768249478742694,True,,False
4.763938010401321e+34,10000000000000.0,10.0,2,0.8188369717502348,9.82570318322996,0.1230600716847318,True,,False
3.996638937983064e+34,10000000000000.0,10.0,2,0.6946193025429837,9.40658553515577,0.10904310251987999,True,,False
6.7687500094585135e+34,10000000000000.0,10.0,2,1.0726421786858624,10.494140980325536,0.15093547890761733,True,,False
3.3529241492495396e+34,10000000000000.0,10.0,2,0.5741495399775128,8.923974016145051,0.09500579251706827,True,,False
9.617248711152945e+34,10000000000000.0,10.0,2,1.3245000302231584,10.966546449270117,0.1783468532642366,True,,False
1.146362666267422e+35,10000000000000.0,10.0,2,1.4457343119402546,11.136061810704044,0.19170799121078935,True,,False
8.06825584030287e+34,10000000000000.0,10.0,2,1.19961596254168,10.753393581458647,0.1647327905694416,True,,False
2.3142313881085676e+35,10000000000000.0,10.0,2,1.866928207663516,11.427175997980141,0.24125263320346105,True,,False
1.3664483492953243e+35,10000000000000.0,10.0,2,1.5619076658941062,11.264747587661798,0.20474686116756116,True,,False
1.9414919457438817e+35,10000000000000.0,10.0,2,1.7736511309617766,11.40812733964164,0.22958166485900303,True,,False
1.6287874214985499e+35,10000000000000.0,10.0,2,1.671595593028399,11.354509623161412,0.21739332034691913,True,,False
1.1689518164985872e+34,10000000000000.0,20.0,2,0.047962175401435714,4.119238156053842,0.01719354114722469,True,,False
9.806757216915845e+33,10000000000000.0,20.0,2,0.009027098791591201,2.3796461959911275,0.005601691211896869,True,,False
1.660882782627703e+34,10000000000000.0,20.0,2,0.17598635817472374,6.244878949056376,0.041613892482453535,True,,False
1.979749169679625e+34,10000000000000.0,20.0,2,0.25952223075334513,7.042726310530619,0.054414809749149196,True,,False
1.3933743020968605e+34,10000000000000.0,20.0,2,0.1048239586641368,5.30095089245973,0.02920048983544678,True,,False
2.359833466782179e+34,10000000000000.0,20.0,2,0.3540125293340528,7.735453445363361,0.06757969342146641,True,,False
2.812888660964246e+34,10000000000000.0,20.0,2,0.45819334534360456,8.345148587263518,0.08107707353884089,True,,False
3.996638937983064e+34,10000000000000.0,20.0,2,0.6904522291619403,9.363355747066658,0.10888936695899028,True,,False
3.3529241492495396e+34,10000000000000.0,20.0,2,0.5707790126534343,8.88495580260479,0.09486283184618889,True,,False
5.678547829591974e+34,10000000000000.0,20.0,2,0.9394768533366589,10.136007845088681,0.1368681847875557,True,,False
4.763938010401321e+34,10000000000000.0,20.0,2,0.81386581861877,9.778745605263593,0.12290032233536773,True,,False
9.617248711152945e+34,10000000000000.0,20.0,2,1.3169695731802078,10.910092000794888,0.17825047236877276,True,,False
1.9414919457438817e+35,10000000000000.0,20.0,2,1.765125966929045,11.348789365160458,0.22967278115337203,True,,False
1.6287874214985499e+35,10000000000000.0,20.0,2,1.6632014291231079,11.29564724765547,0.21742881010907653,True,,False
1.3664483492953243e+35,10000000000000.0,20.0,2,1.5536761306751827,11.206192373816888,0.20473202451982467,True,,False
1.146362666267422e+35,10000000000000.0,20.0,2,1.4378171861713003,11.078493771801794,0.19164889233140142,True,,False
2.3142313881085676e+35,10000000000000.0,20.0,2,1.8584904178270634,11.368551862893293,0.24140070821499107,True,,False
8.06825584030287e+34,10000000000000.0,20.0,2,1.1926003487289052,10.69859767019002,0.16460818910789132,True,,False
6.7687500094585135e+34,10000000000000.0,20.0,2,1.0662343528495928,10.441465712085277,0.1507907027429396,True,,False
2.812888660964246e+34,30000000000000.0,2.0,2,0.006982261831257418,1.9187167501953217,0.005373640700237738,True,,False
3.3529241492495396e+34,30000000000000.0,2.0,2,0.0829789781745,4.378302354944551,0.0279863134451712,True,,False
3.996638937983064e+34,30000000000000.0,2.0,2,0.19925903408334433,5.827560810252546,0.05049106922707895,True,,False
5.678547829591974e+34,30000000000000.0,2.0,2,0.4902622971717404,7.7374652991525235,0.09356493979614129,True,,False
6.7687500094585135e+34,30000000000000.0,2.0,2,0.6506287523610753,8.421758097088135,0.1140811393120743,True,,False
4.763938010401321e+34,30000000000000.0,2.0,2,0.337885457713621,6.895576856871185,0.07235728421321048,True,,False
8.06825584030287e+34,30000000000000.0,2.0,2,0.8142190036471203,8.983719888135106,0.13383459630537695,True,,False
9.617248711152945e+34,30000000000000.0,2.0,2,0.9771664133010215,9.445512611635543,0.15276587782435008,True,,False
1.146362666267422e+35,30000000000000.0,2.0,2,1.1364022645674035,9.822673550554965,0.17083849649199012,True,,False
1.6287874214985499e+35,30000000000000.0,2.0,2,1.4332586415830004,10.363956456651872,0.20421251327035253,True,,False
1.3664483492953243e+35,30000000000000.0,2.0,2,1.2891091484360615,10.125656156863997,0.18799654841519103,True,,False
1.9414919457438817e+35,30000000000000.0,2.0,2,1.566996152461143,10.543977503594556,0.21945567728274634,True,,False
2.3142313881085676e+35,30000000000000.0,2.0,2,1.689239716362911,10.673037166079043,0.23371501956077426,True,,False
3.3529241492495396e+34,30000000000000.0,5.0,2,0.07970246443106825,4.281354887865717,0.027489945731805607,True,,False
4.763938010401321e+34,30000000000000.0,5.0,2,0.3248704436037479,6.750572267273181,0.07106454365475935,True,,False
6.7687500094585135e+34,30000000000000.0,5.0,2,0.6292622700824919,8.267420262714793,0.11239449458404406,True,,False
8.06825584030287e+34,30000000000000.0,5.0,2,0.7897569348781961,8.829480283194064,0.13208140135245033,True,,False
2.812888660964246e+34,30000000000000.0,5.0,2,0.0068477576275290395,1.8957663305923032,0.005333925377267294,True,,False
5.678547829591974e+34,30000000000000.0,5.0,2,0.47273006496895503,7.585542756685311,0.09202586833548634,True,,False
1.3664483492953243e+35,30000000000000.0,5.0,2,1.2591655674168774,9.977290602329187,0.1863603761289019,True,,False
3.996638937983064e+34,30000000000000.0,5.0,2,0.1911655868849868,5.697887925273489,0.04954264313791855,True,,False
1.6287874214985499e+35,30000000000000.0,5.0,2,1.4024534338254646,10.217536121033293,0.2026868761983295,True,,False
1.9414919457438817e+35,30000000000000.0,5.0,2,1.5359202914632786,10.400120898623964,0.21807890161614893,True,,False
9.617248711152945e+34,30000000000000.0,5.0,2,0.9503179637423906,9.29283525493622,0.15100942773709322,True,,False
2.3142313881085676e+35,30000000000000.0,5.0,2,1.6581094439352781,10.531013793152106,0.23250182825396004,True,,False
1.146362666267422e+35,30000000000000.0,5.0,2,1.107663310512917,9.671642848339294,0.16911840771550427,True,,False
3.3529241492495396e+34,30000000000000.0,10.0,2,0.07860624990841773,4.243666046081118,0.02735263932296282,True,,False
2.812888660964246e+34,30000000000000.0,10.0,2,0.006822254336627233,1.8911329440114737,0.005327079851958709,True,,False
4.763938010401321e+34,30000000000000.0,10.0,2,0.3179245561588716,6.658922341637564,0.07050233236382994,True,,False
3.996638937983064e+34,30000000000000.0,10.0,2,0.18754950402985063,5.629855088190237,0.04919285911109689,True,,False
5.678547829591974e+34,30000000000000.0,10.0,2,0.4621529429671222,7.47605706603941,0.09128438125513066,True,,False
6.7687500094585135e+34,30000000000000.0,10.0,2,0.6150748967676812,8.144918573375186,0.11151277322051607,True,,False
8.06825584030287e+34,30000000000000.0,10.0,2,0.7721559982770096,8.697313164831307,0.13110018436681697,True,,False
1.9414919457438817e+35,30000000000000.0,10.0,2,1.508400566568998,10.250807261306107,0.21729112076840484,True,,False
1.146362666267422e+35,30000000000000.0,10.0,2,1.08458929490626,9.52811679253496,0.16808989371983774,True,,False
1.3664483492953243e+35,30000000000000.0,10.0,2,1.2341015285071206,9.83055863022294,0.1853770870357117,True,,False
9.617248711152945e+34,30000000000000.0,10.0,2,0.929734318308858,9.153860872788334,0.1499815769148923,True,,False
2.3142313881085676e+35,30000000000000.0,10.0,2,1.629876907125573,10.380842658955352,0.23184917717555098,True,,False
1.6287874214985499e+35,30000000000000.0,10.0,2,1.3759823890205998,10.069185985003816,0.20179103775504778,True,,False
2.812888660964246e+34,30000000000000.0,20.0,2,0.006815568609643443,1.8898919048765204,0.005325354094088764,True,,False
3.996638937983064e+34,30000000000000.0,20.0,2,0.18626356662270308,5.603435215552309,0.04908591833312074,True,,False
4.763938010401321e+34,30000000000000.0,20.0,2,0.3151833873454742,6.618939255794831,0.0703166681583973,True,,False
9.617248711152945e+34,30000000000000.0,20.0,2,0.9192631700457414,9.074148651479966,0.14959508747616443,True,,False
1.146362666267422e+35,30000000000000.0,20.0,2,1.0724099150146729,9.442381620070838,0.1677114187484019,True,,False
3.3529241492495396e+34,30000000000000.0,20.0,2,0.07826229452186034,4.231155001125733,0.027313477818802636,True,,False
8.06825584030287e+34,30000000000000.0,20.0,2,0.7636195940096996,8.625240492003742,0.1307341993534868,True,,False
6.7687500094585135e+34,30000000000000.0,20.0,2,0.608527797674501,8.081769166899297,0.11118785211753646,True,,False
5.678547829591974e+34,30000000000000.0,20.0,2,0.4576155500422798,7.423786145478561,0.09102457959468467,True,,False
1.3664483492953243e+35,30000000000000.0,20.0,2,1.220386877031339,9.739973713817564,0.18502188667004096,True,,False
1.9414919457438817e+35,30000000000000.0,20.0,2,1.4925512457948769,10.154132539190869,0.21705499494643404,True,,False
1.6287874214985499e+35,30000000000000.0,20.0,2,1.3610351828316196,9.975007422518201,0.20148349948898908,True,,False
2.3142313881085676e+35,30000000000000.0,20.0,2,1.613489665471567,10.283059539138465,0.23170062146670836,True,,False
9.617248711152945e+34,100000000000000.0,2.0,2,0.030196809424260545,2.6480857084680163,0.016838848191403633,True,,False
1.3664483492953243e+35,100000000000000.0,2.0,2,0.417016895511972,6.345528385738479,0.09704411875855516,True,,False
1.146362666267422e+35,100000000000000.0,2.0,2,0.19896745827777396,4.983929100496331,0.05895132318625677,True,,False
1.9414919457438817e+35,100000000000000.0,2.0,2,0.8708131278264304,7.984301570145064,0.1610539558304728,True,,False
2.3142313881085676e+35,100000000000000.0,2.0,2,1.0803075807561333,8.500710948893863,0.18766165219437572,True,,False
1.6287874214985499e+35,100000000000000.0,2.0,2,0.6467161709294814,7.291572388859915,0.1309712250504153,True,,False
2.758531617629187e+35,100000000000000.0,2.0,2,1.270472125622915,8.885369792303273,0.21114120459401509,True,,False
3.288131309842434e+35,100000000000000.0,2.0,2,1.4258359519212942,9.140180486863256,0.2303552689811876,True,,False
9.617248711152945e+34,100000000000000.0,5.0,2,0.028534035031545425,2.560542781241452,0.016455630033855806,True,,False
1.146362666267422e+35,100000000000000.0,5.0,2,0.18327395698461652,4.759750546596606,0.05685909267418719,True,,False
1.3664483492953243e+35,100000000000000.0,5.0,2,0.38519003589159917,6.071061517831883,0.0936901149195303,True,,False
2.3142313881085676e+35,100000000000000.0,5.0,2,1.018156259539676,8.20343385409581,0.18327453063421215,True,,False
1.6287874214985499e+35,100000000000000.0,5.0,2,0.6014046682040519,6.99847727478746,0.1268956103897495,True,,False
3.288131309842434e+35,100000000000000.0,5.0,2,1.3565688832016451,8.848466998821902,0.22638996719879959,True,,False
1.9414919457438817e+35,100000000000000.0,5.0,2,0.8155049326021202,7.686063067752416,0.15667727499066225,True,,False
3.919406774847229e+35,100000000000000.0,5.0,2,1.4824286174924812,9.008220022204823,0.24300665427529874,True,,False
2.758531617629187e+35,100000000000000.0,5.0,2,1.2039821270476272,8.591597111958322,0.2069328778327644,True,,False
9.617248711152945e+34,100000000000000.0,10.0,2,0.02818404528712084,2.539849178446308,0.016386219228837956,True,,False
1.6287874214985499e+35,100000000000000.0,10.0,2,0.5772370944990284,6.810396550841422,0.12515989570117003,True,,False
1.9414919457438817e+35,100000000000000.0,10.0,2,0.7823955369021335,7.471782841756954,0.1546270549093665,True,,False
2.3142313881085676e+35,100000000000000.0,10.0,2,0.9775849510157799,7.971831215639563,0.18108387251643498,True,,False
1.146362666267422e+35,100000000000000.0,10.0,2,0.17777588854167906,4.666847307003489,0.05625130824659314,True,,False
2.758531617629187e+35,100000000000000.0,10.0,2,1.1577088749025328,8.348915719535318,0.20476354823044537,True,,False
1.3664483492953243e+35,100000000000000.0,10.0,2,0.3707280740139983,5.921993581067848,0.09244233432839327,True,,False
3.288131309842434e+35,100000000000000.0,10.0,2,1.3065871423850868,8.599360059033142,0.22436525725275658,True,,False
3.919406774847229e+35,100000000000000.0,10.0,2,1.430142519405462,8.755349125962967,0.2412066134520905,True,,False
9.617248711152945e+34,100000000000000.0,20.0,2,0.028089427071740284,2.534117314415213,0.016368147346368978,True,,False
1.9414919457438817e+35,100000000000000.0,20.0,2,0.7685793581479625,7.372639594451556,0.1539391460536269,True,,False
1.146362666267422e+35,100000000000000.0,20.0,2,0.17603383506259754,4.6354538539171655,0.05607731994002123,True,,False
1.6287874214985499e+35,100000000000000.0,20.0,2,0.5678101750287246,6.729714547286767,0.12459192285701876,True,,False
3.288131309842434e+35,100000000000000.0,20.0,2,1.2829296342032077,8.468378043962183,0.22371028982429705,True,,False
1.3664483492953243e+35,100000000000000.0,20.0,2,0.3655845558671345,5.8641672004496135,0.09205870411019791,True,,False
3.919406774847229e+35,100000000000000.0,20.0,2,1.4049748296183053,8.620350688924566,0.24067277799124545,True,,False
2.3142313881085676e+35,100000000000000.0,20.0,2,0.9597262801041158,7.858400272868377,0.1803418838832866,True,,False
2.758531617629187e+35,100000000000000.0,20.0,2,1.1364659945660445,8.22486596279295,0.20403796203579508,True,,False
3.288131309842434e+35,300000000000000.0,2.0,2,0.2268003755342168,4.380334751549318,0.07645745347382937,True,,False
3.919406774847229e+35,300000000000000.0,2.0,2,0.5032455968795099,5.691593750709307,0.13056580504632703,True,,False
2.758531617629187e+35,300000000000000.0,2.0,2,0.009713686380330447,1.4983777345595568,0.009572957429359182,True,,False
6.637948800475648e+35,300000000000000.0,2.0,2,1.1688989970686026,7.346487522124442,0.2349527873902176,True,,False
5.5688139909452896e+35,300000000000000.0,2.0,2,0.9853734554607092,7.0082705524232916,0.20762199534728137,True,,False
4.671878346444287e+35,300000000000000.0,2.0,2,0.7624453626431039,6.489753833840129,0.17348577263644266,True,,False
2.758531617629187e+35,300000000000000.0,5.0,2,0.009282171362644285,1.4554106855102458,0.009417754902211676,True,,False
3.919406774847229e+35,300000000000000.0,5.0,2,0.4406553359362697,5.257234053248512,0.1237727619083595,True,,False
3.288131309842434e+35,300000000000000.0,5.0,2,0.19829407484873657,4.046514770309601,0.07236223438231563,True,,False
4.671878346444287e+35,300000000000000.0,5.0,2,0.6750889244662094,6.019443963893241,0.16561053803163117,True,,False
5.5688139909452896e+35,300000000000000.0,5.0,2,0.882396415466746,6.525634696063438,0.19967529640945553,True,,False
6.637948800475648e+35,300000000000000.0,5.0,2,1.0577619244284207,6.865956183214375,0.22749416577275627,True,,False
2.758531617629187e+35,300000000000000.0,10.0,2,0.009212908256851086,1.44815463709667,0.009394316076933962,True,,False
3.288131309842434e+35,300000000000000.0,10.0,2,0.19039613096976954,3.9372123525781433,0.07140894895064252,True,,False
3.919406774847229e+35,300000000000000.0,10.0,2,0.4179338501635982,5.067559229320293,0.12178451626628035,True,,False
4.671878346444287e+35,300000000000000.0,10.0,2,0.6378770735286259,5.778497245894235,0.1630066955131107,True,,False
5.5688139909452896e+35,300000000000000.0,10.0,2,0.8335608508691257,6.252461826978993,0.19686550324853638,True,,False
6.637948800475648e+35,300000000000000.0,10.0,2,1.000518504609971,6.571765075512058,0.22481560647700505,True,,False
2.758531617629187e+35,300000000000000.0,20.0,2,0.00919511149883133,1.4462967707265402,0.009388213215173238,True,,False
3.288131309842434e+35,300000000000000.0,20.0,2,0.18811050252133726,3.9039972444302657,0.07115196560003356,True,,False
4.671878346444287e+35,300000000000000.0,20.0,2,0.6252943937895327,5.690403048960876,0.16226500501590027,True,,False
5.5688139909452896e+35,300000000000000.0,20.0,2,0.8162575718185634,6.147469573824245,0.19607137569469876,True,,False
6.637948800475648e+35,300000000000000.0,20.0,2,0.9794222816919386,6.453615086758699,0.22410434750977545,True,,False
3.919406774847229e+35,300000000000000.0,20.0,2,0.41077339664235785,5.003534146860634,0.12122963627323521,True,,False
9.431402320497375e+35,1000000000000000.0,2.0,2,0.033861612384664314,1.742778582840038,0.028691204488221458,True,,False
1.1242100350620932e+36,1000000000000000.0,2.0,2,0.33564518336904003,3.87723838765097,0.12783249820311016,True,,False
9.431402320497375e+35,1000000000000000.0,5.0,2,0.031204490187815646,1.6532664982331358,0.027871323185791618,True,,False
1.1242100350620932e+36,1000000000000000.0,5.0,2,0.28532126506486916,3.48424135683515,0.12092309951550366,True,,False
9.431402320497375e+35,1000000000000000.0,10.0,2,0.030783580538203174,1.6382357640800957,0.027747642530424582,True,,False
1.1242100350620932e+36,1000000000000000.0,10.0,2,0.27346858139689506,3.37847043490276,0.11952828162319817,True,,False
9.431402320497375e+35,1000000000000000.0,20.0,2,0.030676442187286084,1.6343853181004888,0.027716213493249042,True,,False
1.1242100350620932e+36,1000000000000000.0,20.0,2,0.27018372848821176,3.348450713641152,0.11915126038546418,True,,False
